id,type,title,text,url,thumbnail
0001,text,生日祝福 0001,Hi 恋恋宝贝，愿你每天都被爱与好运围绕。第 0001 号粉丝祝福送达！,,
0002,text,生日祝福 0002,Hi 恋恋宝贝，愿你每天都被爱与好运围绕。第 0002 号粉丝祝福送达！,,
0003,text,生日祝福 0003,Hi 恋恋宝贝，愿你每天都被爱与好运围绕。第 0003 号粉丝祝福送达！,,
0004,text,生日祝福 0004,Hi 恋恋宝贝，愿你每天都被爱与好运围绕。第 0004 号粉丝祝福送达！,,
0005,image,手绘投稿 0005,这是一张粉丝投稿图片示例。,https://picsum.photos/seed/ll-0005/960/540,
0006,image,手绘投稿 0006,这是一张粉丝投稿图片示例。,https://picsum.photos/seed/ll-0006/960/540,
0007,image,手绘投稿 0007,这是一张粉丝投稿图片示例。,https://picsum.photos/seed/ll-0007/960/540,
0008,audio,语音祝福 0008,这里是粉丝语音祝福示例。,https://interactive-examples.mdn.mozilla.net/media/cc0-audio/t-rex-roar.mp3,
0009,video,视频祝福 0009,这里是粉丝视频祝福示例。,https://interactive-examples.mdn.mozilla.net/media/cc0-videos/flower.mp4,
0010,text,生日祝福 0010,Hi 恋恋宝贝，愿你每天都被爱与好运围绕。第 0010 号粉丝祝福送达！,,
0011,text,生日祝福 0011,Hi 恋恋宝贝，愿你每天都被爱与好运围绕。第 0011 号粉丝祝福送达！,,
0012,text,生日祝福 0012,Hi 恋恋宝贝，愿你每天都被爱与好运围绕。第 0012 号粉丝祝福送达！,,
0013,text,生日祝福 0013,Hi 恋恋宝贝，愿你每天都被爱与好运围绕。第 0013 号粉丝祝福送达！,,
0014,text,生日祝福 0014,Hi 恋恋宝贝，愿你每天都被爱与好运围绕。第 0014 号粉丝祝福送达！,,
0015,image,手绘投稿 0015,这是一张粉丝投稿图片示例。,https://picsum.photos/seed/ll-0015/960/540,
0016,image,手绘投稿 0016,这是一张粉丝投稿图片示例。,https://picsum.photos/seed/ll-0016/960/540,
0017,image,手绘投稿 0017,这是一张粉丝投稿图片示例。,https://picsum.photos/seed/ll-0017/960/540,
0018,audio,语音祝福 0018,这里是粉丝语音祝福示例。,https://interactive-examples.mdn.mozilla.net/media/cc0-audio/t-rex-roar.mp3,
0019,video,视频祝福 0019,这里是粉丝视频祝福示例。,https://interactive-examples.mdn.mozilla.net/media/cc0-videos/flower.mp4,
0020,text,生日祝福 0020,Hi 恋恋宝贝，愿你每天都被爱与好运围绕。第 0020 号粉丝祝福送达！,,
0021,text,生日祝福 0021,Hi 恋恋宝贝，愿你每天都被爱与好运围绕。第 0021 号粉丝祝福送达！,,
0022,text,生日祝福 0022,Hi 恋恋宝贝，愿你每天都被爱与好运围绕。第 0022 号粉丝祝福送达！,,
0023,text,生日祝福 0023,Hi 恋恋宝贝，愿你每天都被爱与好运围绕。第 0023 号粉丝祝福送达！,,
0024,text,生日祝福 0024,Hi 恋恋宝贝，愿你每天都被爱与好运围绕。第 0024 号粉丝祝福送达！,,
0025,image,手绘投稿 0025,这是一张粉丝投稿图片示例。,https://picsum.photos/seed/ll-0025/960/540,
0026,image,手绘投稿 0026,这是一张粉丝投稿图片示例。,https://picsum.photos/seed/ll-0026/960/540,
0027,image,手绘投稿 0027,这是一张粉丝投稿图片示例。,https://picsum.photos/seed/ll-0027/960/540,
0028,audio,语音祝福 0028,这里是粉丝语音祝福示例。,https://interactive-examples.mdn.mozilla.net/media/cc0-audio/t-rex-roar.mp3,
0029,video,视频祝福 0029,这里是粉丝视频祝福示例。,https://interactive-examples.mdn.mozilla.net/media/cc0-videos/flower.mp4,
0030,text,生日祝福 0030,Hi 恋恋宝贝，愿你每天都被爱与好运围绕。第 0030 号粉丝祝福送达！,,
0031,text,生日祝福 0031,Hi 恋恋宝贝，愿你每天都被爱与好运围绕。第 0031 号粉丝祝福送达！,,
0032,text,生日祝福 0032,Hi 恋恋宝贝，愿你每天都被爱与好运围绕。第 0032 号粉丝祝福送达！,,
0033,text,生日祝福 0033,Hi 恋恋宝贝，愿你每天都被爱与好运围绕。第 0033 号粉丝祝福送达！,,
0034,text,生日祝福 0034,Hi 恋恋宝贝，愿你每天都被爱与好运围绕。第 0034 号粉丝祝福送达！,,
0035,image,手绘投稿 0035,这是一张粉丝投稿图片示例。,https://picsum.photos/seed/ll-0035/960/540,
0036,image,手绘投稿 0036,这是一张粉丝投稿图片示例。,https://picsum.photos/seed/ll-0036/960/540,
0037,image,手绘投稿 0037,这是一张粉丝投稿图片示例。,https://picsum.photos/seed/ll-0037/960/540,
0038,audio,语音祝福 0038,这里是粉丝语音祝福示例。,https://interactive-examples.mdn.mozilla.net/media/cc0-audio/t-rex-roar.mp3,
0039,video,视频祝福 0039,这里是粉丝视频祝福示例。,https://interactive-examples.mdn.mozilla.net/media/cc0-videos/flower.mp4,
0040,text,生日祝福 0040,Hi 恋恋宝贝，愿你每天都被爱与好运围绕。第 0040 号粉丝祝福送达！,,
0041,text,生日祝福 0041,Hi 恋恋宝贝，愿你每天都被爱与好运围绕。第 0041 号粉丝祝福送达！,,
0042,text,生日祝福 0042,Hi 恋恋宝贝，愿你每天都被爱与好运围绕。第 0042 号粉丝祝福送达！,,
0043,text,生日祝福 0043,Hi 恋恋宝贝，愿你每天都被爱与好运围绕。第 0043 号粉丝祝福送达！,,
0044,text,生日祝福 0044,Hi 恋恋宝贝，愿你每天都被爱与好运围绕。第 0044 号粉丝祝福送达！,,
0045,image,手绘投稿 0045,这是一张粉丝投稿图片示例。,https://picsum.photos/seed/ll-0045/960/540,
0046,image,手绘投稿 0046,这是一张粉丝投稿图片示例。,https://picsum.photos/seed/ll-0046/960/540,
0047,image,手绘投稿 0047,这是一张粉丝投稿图片示例。,https://picsum.photos/seed/ll-0047/960/540,
0048,audio,语音祝福 0048,这里是粉丝语音祝福示例。,https://interactive-examples.mdn.mozilla.net/media/cc0-audio/t-rex-roar.mp3,
0049,video,视频祝福 0049,这里是粉丝视频祝福示例。,https://interactive-examples.mdn.mozilla.net/media/cc0-videos/flower.mp4,
0050,text,生日祝福 0050,Hi 恋恋宝贝，愿你每天都被爱与好运围绕。第 0050 号粉丝祝福送达！,,
0051,text,生日祝福 0051,Hi 恋恋宝贝，愿你每天都被爱与好运围绕。第 0051 号粉丝祝福送达！,,
0052,text,生日祝福 0052,Hi 恋恋宝贝，愿你每天都被爱与好运围绕。第 0052 号粉丝祝福送达！,,
0053,text,生日祝福 0053,Hi 恋恋宝贝，愿你每天都被爱与好运围绕。第 0053 号粉丝祝福送达！,,
0054,text,生日祝福 0054,Hi 恋恋宝贝，愿你每天都被爱与好运围绕。第 0054 号粉丝祝福送达！,,
0055,image,手绘投稿 0055,这是一张粉丝投稿图片示例。,https://picsum.photos/seed/ll-0055/960/540,
0056,image,手绘投稿 0056,这是一张粉丝投稿图片示例。,https://picsum.photos/seed/ll-0056/960/540,
0057,image,手绘投稿 0057,这是一张粉丝投稿图片示例。,https://picsum.photos/seed/ll-0057/960/540,
0058,audio,语音祝福 0058,这里是粉丝语音祝福示例。,https://interactive-examples.mdn.mozilla.net/media/cc0-audio/t-rex-roar.mp3,
0059,video,视频祝福 0059,这里是粉丝视频祝福示例。,https://interactive-examples.mdn.mozilla.net/media/cc0-videos/flower.mp4,
0060,text,生日祝福 0060,Hi 恋恋宝贝，愿你每天都被爱与好运围绕。第 0060 号粉丝祝福送达！,,
0061,text,生日祝福 0061,Hi 恋恋宝贝，愿你每天都被爱与好运围绕。第 0061 号粉丝祝福送达！,,
0062,text,生日祝福 0062,Hi 恋恋宝贝，愿你每天都被爱与好运围绕。第 0062 号粉丝祝福送达！,,
0063,text,生日祝福 0063,Hi 恋恋宝贝，愿你每天都被爱与好运围绕。第 0063 号粉丝祝福送达！,,
0064,text,生日祝福 0064,Hi 恋恋宝贝，愿你每天都被爱与好运围绕。第 0064 号粉丝祝福送达！,,
0065,image,手绘投稿 0065,这是一张粉丝投稿图片示例。,https://picsum.photos/seed/ll-0065/960/540,
0066,image,手绘投稿 0066,这是一张粉丝投稿图片示例。,https://picsum.photos/seed/ll-0066/960/540,
0067,image,手绘投稿 0067,这是一张粉丝投稿图片示例。,https://picsum.photos/seed/ll-0067/960/540,
0068,audio,语音祝福 0068,这里是粉丝语音祝福示例。,https://interactive-examples.mdn.mozilla.net/media/cc0-audio/t-rex-roar.mp3,
0069,video,视频祝福 0069,这里是粉丝视频祝福示例。,https://interactive-examples.mdn.mozilla.net/media/cc0-videos/flower.mp4,
0070,text,生日祝福 0070,Hi 恋恋宝贝，愿你每天都被爱与好运围绕。第 0070 号粉丝祝福送达！,,
0071,text,生日祝福 0071,Hi 恋恋宝贝，愿你每天都被爱与好运围绕。第 0071 号粉丝祝福送达！,,
0072,text,生日祝福 0072,Hi 恋恋宝贝，愿你每天都被爱与好运围绕。第 0072 号粉丝祝福送达！,,
0073,text,生日祝福 0073,Hi 恋恋宝贝，愿你每天都被爱与好运围绕。第 0073 号粉丝祝福送达！,,
0074,text,生日祝福 0074,Hi 恋恋宝贝，愿你每天都被爱与好运围绕。第 0074 号粉丝祝福送达！,,
0075,image,手绘投稿 0075,这是一张粉丝投稿图片示例。,https://picsum.photos/seed/ll-0075/960/540,
0076,image,手绘投稿 0076,这是一张粉丝投稿图片示例。,https://picsum.photos/seed/ll-0076/960/540,
0077,image,手绘投稿 0077,这是一张粉丝投稿图片示例。,https://picsum.photos/seed/ll-0077/960/540,
0078,audio,语音祝福 0078,这里是粉丝语音祝福示例。,https://interactive-examples.mdn.mozilla.net/media/cc0-audio/t-rex-roar.mp3,
0079,video,视频祝福 0079,这里是粉丝视频祝福示例。,https://interactive-examples.mdn.mozilla.net/media/cc0-videos/flower.mp4,
0080,text,生日祝福 0080,Hi 恋恋宝贝，愿你每天都被爱与好运围绕。第 0080 号粉丝祝福送达！,,
0081,text,生日祝福 0081,Hi 恋恋宝贝，愿你每天都被爱与好运围绕。第 0081 号粉丝祝福送达！,,
0082,text,生日祝福 0082,Hi 恋恋宝贝，愿你每天都被爱与好运围绕。第 0082 号粉丝祝福送达！,,
0083,text,生日祝福 0083,Hi 恋恋宝贝，愿你每天都被爱与好运围绕。第 0083 号粉丝祝福送达！,,
0084,text,生日祝福 0084,Hi 恋恋宝贝，愿你每天都被爱与好运围绕。第 0084 号粉丝祝福送达！,,
0085,image,手绘投稿 0085,这是一张粉丝投稿图片示例。,https://picsum.photos/seed/ll-0085/960/540,
0086,image,手绘投稿 0086,这是一张粉丝投稿图片示例。,https://picsum.photos/seed/ll-0086/960/540,
0087,image,手绘投稿 0087,这是一张粉丝投稿图片示例。,https://picsum.photos/seed/ll-0087/960/540,
0088,audio,语音祝福 0088,这里是粉丝语音祝福示例。,https://interactive-examples.mdn.mozilla.net/media/cc0-audio/t-rex-roar.mp3,
0089,video,视频祝福 0089,这里是粉丝视频祝福示例。,https://interactive-examples.mdn.mozilla.net/media/cc0-videos/flower.mp4,
0090,text,生日祝福 0090,Hi 恋恋宝贝，愿你每天都被爱与好运围绕。第 0090 号粉丝祝福送达！,,
0091,text,生日祝福 0091,Hi 恋恋宝贝，愿你每天都被爱与好运围绕。第 0091 号粉丝祝福送达！,,
0092,text,生日祝福 0092,Hi 恋恋宝贝，愿你每天都被爱与好运围绕。第 0092 号粉丝祝福送达！,,
0093,text,生日祝福 0093,Hi 恋恋宝贝，愿你每天都被爱与好运围绕。第 0093 号粉丝祝福送达！,,
0094,text,生日祝福 0094,Hi 恋恋宝贝，愿你每天都被爱与好运围绕。第 0094 号粉丝祝福送达！,,
0095,image,手绘投稿 0095,这是一张粉丝投稿图片示例。,https://picsum.photos/seed/ll-0095/960/540,
0096,image,手绘投稿 0096,这是一张粉丝投稿图片示例。,https://picsum.photos/seed/ll-0096/960/540,
0097,image,手绘投稿 0097,这是一张粉丝投稿图片示例。,https://picsum.photos/seed/ll-0097/960/540,
0098,audio,语音祝福 0098,这里是粉丝语音祝福示例。,https://interactive-examples.mdn.mozilla.net/media/cc0-audio/t-rex-roar.mp3,
0099,video,视频祝福 0099,这里是粉丝视频祝福示例。,https://interactive-examples.mdn.mozilla.net/media/cc0-videos/flower.mp4,
0100,text,生日祝福 0100,Hi 恋恋宝贝，愿你每天都被爱与好运围绕。第 0100 号粉丝祝福送达！,,
0101,text,生日祝福 0101,Hi 恋恋宝贝，愿你每天都被爱与好运围绕。第 0101 号粉丝祝福送达！,,
0102,text,生日祝福 0102,Hi 恋恋宝贝，愿你每天都被爱与好运围绕。第 0102 号粉丝祝福送达！,,
0103,text,生日祝福 0103,Hi 恋恋宝贝，愿你每天都被爱与好运围绕。第 0103 号粉丝祝福送达！,,
0104,text,生日祝福 0104,Hi 恋恋宝贝，愿你每天都被爱与好运围绕。第 0104 号粉丝祝福送达！,,
0105,image,手绘投稿 0105,这是一张粉丝投稿图片示例。,https://picsum.photos/seed/ll-0105/960/540,
0106,image,手绘投稿 0106,这是一张粉丝投稿图片示例。,https://picsum.photos/seed/ll-0106/960/540,
0107,image,手绘投稿 0107,这是一张粉丝投稿图片示例。,https://picsum.photos/seed/ll-0107/960/540,
0108,audio,语音祝福 0108,这里是粉丝语音祝福示例。,https://interactive-examples.mdn.mozilla.net/media/cc0-audio/t-rex-roar.mp3,
0109,video,视频祝福 0109,这里是粉丝视频祝福示例。,https://interactive-examples.mdn.mozilla.net/media/cc0-videos/flower.mp4,
0110,text,生日祝福 0110,Hi 恋恋宝贝，愿你每天都被爱与好运围绕。第 0110 号粉丝祝福送达！,,
0111,text,生日祝福 0111,Hi 恋恋宝贝，愿你每天都被爱与好运围绕。第 0111 号粉丝祝福送达！,,
0112,text,生日祝福 0112,Hi 恋恋宝贝，愿你每天都被爱与好运围绕。第 0112 号粉丝祝福送达！,,
0113,text,生日祝福 0113,Hi 恋恋宝贝，愿你每天都被爱与好运围绕。第 0113 号粉丝祝福送达！,,
0114,text,生日祝福 0114,Hi 恋恋宝贝，愿你每天都被爱与好运围绕。第 0114 号粉丝祝福送达！,,
0115,image,手绘投稿 0115,这是一张粉丝投稿图片示例。,https://picsum.photos/seed/ll-0115/960/540,
0116,image,手绘投稿 0116,这是一张粉丝投稿图片示例。,https://picsum.photos/seed/ll-0116/960/540,
0117,image,手绘投稿 0117,这是一张粉丝投稿图片示例。,https://picsum.photos/seed/ll-0117/960/540,
0118,audio,语音祝福 0118,这里是粉丝语音祝福示例。,https://interactive-examples.mdn.mozilla.net/media/cc0-audio/t-rex-roar.mp3,
0119,video,视频祝福 0119,这里是粉丝视频祝福示例。,https://interactive-examples.mdn.mozilla.net/media/cc0-videos/flower.mp4,
0120,text,生日祝福 0120,Hi 恋恋宝贝，愿你每天都被爱与好运围绕。第 0120 号粉丝祝福送达！,,
0121,text,生日祝福 0121,Hi 恋恋宝贝，愿你每天都被爱与好运围绕。第 0121 号粉丝祝福送达！,,
0122,text,生日祝福 0122,Hi 恋恋宝贝，愿你每天都被爱与好运围绕。第 0122 号粉丝祝福送达！,,
0123,text,生日祝福 0123,Hi 恋恋宝贝，愿你每天都被爱与好运围绕。第 0123 号粉丝祝福送达！,,
0124,text,生日祝福 0124,Hi 恋恋宝贝，愿你每天都被爱与好运围绕。第 0124 号粉丝祝福送达！,,
0125,image,手绘投稿 0125,这是一张粉丝投稿图片示例。,https://picsum.photos/seed/ll-0125/960/540,
0126,image,手绘投稿 0126,这是一张粉丝投稿图片示例。,https://picsum.photos/seed/ll-0126/960/540,
0127,image,手绘投稿 0127,这是一张粉丝投稿图片示例。,https://picsum.photos/seed/ll-0127/960/540,
0128,audio,语音祝福 0128,这里是粉丝语音祝福示例。,https://interactive-examples.mdn.mozilla.net/media/cc0-audio/t-rex-roar.mp3,
0129,video,视频祝福 0129,这里是粉丝视频祝福示例。,https://interactive-examples.mdn.mozilla.net/media/cc0-videos/flower.mp4,
0130,text,生日祝福 0130,Hi 恋恋宝贝，愿你每天都被爱与好运围绕。第 0130 号粉丝祝福送达！,,
0131,text,生日祝福 0131,Hi 恋恋宝贝，愿你每天都被爱与好运围绕。第 0131 号粉丝祝福送达！,,
0132,text,生日祝福 0132,Hi 恋恋宝贝，愿你每天都被爱与好运围绕。第 0132 号粉丝祝福送达！,,
0133,text,生日祝福 0133,Hi 恋恋宝贝，愿你每天都被爱与好运围绕。第 0133 号粉丝祝福送达！,,
0134,text,生日祝福 0134,Hi 恋恋宝贝，愿你每天都被爱与好运围绕。第 0134 号粉丝祝福送达！,,
0135,image,手绘投稿 0135,这是一张粉丝投稿图片示例。,https://picsum.photos/seed/ll-0135/960/540,
0136,image,手绘投稿 0136,这是一张粉丝投稿图片示例。,https://picsum.photos/seed/ll-0136/960/540,
0137,image,手绘投稿 0137,这是一张粉丝投稿图片示例。,https://picsum.photos/seed/ll-0137/960/540,
0138,audio,语音祝福 0138,这里是粉丝语音祝福示例。,https://interactive-examples.mdn.mozilla.net/media/cc0-audio/t-rex-roar.mp3,
0139,video,视频祝福 0139,这里是粉丝视频祝福示例。,https://interactive-examples.mdn.mozilla.net/media/cc0-videos/flower.mp4,
0140,text,生日祝福 0140,Hi 恋恋宝贝，愿你每天都被爱与好运围绕。第 0140 号粉丝祝福送达！,,
0141,text,生日祝福 0141,Hi 恋恋宝贝，愿你每天都被爱与好运围绕。第 0141 号粉丝祝福送达！,,
0142,text,生日祝福 0142,Hi 恋恋宝贝，愿你每天都被爱与好运围绕。第 0142 号粉丝祝福送达！,,
0143,text,生日祝福 0143,Hi 恋恋宝贝，愿你每天都被爱与好运围绕。第 0143 号粉丝祝福送达！,,
0144,text,生日祝福 0144,Hi 恋恋宝贝，愿你每天都被爱与好运围绕。第 0144 号粉丝祝福送达！,,
0145,image,手绘投稿 0145,这是一张粉丝投稿图片示例。,https://picsum.photos/seed/ll-0145/960/540,
0146,image,手绘投稿 0146,这是一张粉丝投稿图片示例。,https://picsum.photos/seed/ll-0146/960/540,
0147,image,手绘投稿 0147,这是一张粉丝投稿图片示例。,https://picsum.photos/seed/ll-0147/960/540,
0148,audio,语音祝福 0148,这里是粉丝语音祝福示例。,https://interactive-examples.mdn.mozilla.net/media/cc0-audio/t-rex-roar.mp3,
0149,video,视频祝福 0149,这里是粉丝视频祝福示例。,https://interactive-examples.mdn.mozilla.net/media/cc0-videos/flower.mp4,
0150,text,生日祝福 0150,Hi 恋恋宝贝，愿你每天都被爱与好运围绕。第 0150 号粉丝祝福送达！,,
0151,text,生日祝福 0151,Hi 恋恋宝贝，愿你每天都被爱与好运围绕。第 0151 号粉丝祝福送达！,,
0152,text,生日祝福 0152,Hi 恋恋宝贝，愿你每天都被爱与好运围绕。第 0152 号粉丝祝福送达！,,
0153,text,生日祝福 0153,Hi 恋恋宝贝，愿你每天都被爱与好运围绕。第 0153 号粉丝祝福送达！,,
0154,text,生日祝福 0154,Hi 恋恋宝贝，愿你每天都被爱与好运围绕。第 0154 号粉丝祝福送达！,,
0155,image,手绘投稿 0155,这是一张粉丝投稿图片示例。,https://picsum.photos/seed/ll-0155/960/540,
0156,image,手绘投稿 0156,这是一张粉丝投稿图片示例。,https://picsum.photos/seed/ll-0156/960/540,
0157,image,手绘投稿 0157,这是一张粉丝投稿图片示例。,https://picsum.photos/seed/ll-0157/960/540,
0158,audio,语音祝福 0158,这里是粉丝语音祝福示例。,https://interactive-examples.mdn.mozilla.net/media/cc0-audio/t-rex-roar.mp3,
0159,video,视频祝福 0159,这里是粉丝视频祝福示例。,https://interactive-examples.mdn.mozilla.net/media/cc0-videos/flower.mp4,
0160,text,生日祝福 0160,Hi 恋恋宝贝，愿你每天都被爱与好运围绕。第 0160 号粉丝祝福送达！,,
0161,text,生日祝福 0161,Hi 恋恋宝贝，愿你每天都被爱与好运围绕。第 0161 号粉丝祝福送达！,,
0162,text,生日祝福 0162,Hi 恋恋宝贝，愿你每天都被爱与好运围绕。第 0162 号粉丝祝福送达！,,
0163,text,生日祝福 0163,Hi 恋恋宝贝，愿你每天都被爱与好运围绕。第 0163 号粉丝祝福送达！,,
0164,text,生日祝福 0164,Hi 恋恋宝贝，愿你每天都被爱与好运围绕。第 0164 号粉丝祝福送达！,,
0165,image,手绘投稿 0165,这是一张粉丝投稿图片示例。,https://picsum.photos/seed/ll-0165/960/540,
0166,image,手绘投稿 0166,这是一张粉丝投稿图片示例。,https://picsum.photos/seed/ll-0166/960/540,
0167,image,手绘投稿 0167,这是一张粉丝投稿图片示例。,https://picsum.photos/seed/ll-0167/960/540,
0168,audio,语音祝福 0168,这里是粉丝语音祝福示例。,https://interactive-examples.mdn.mozilla.net/media/cc0-audio/t-rex-roar.mp3,
0169,video,视频祝福 0169,这里是粉丝视频祝福示例。,https://interactive-examples.mdn.mozilla.net/media/cc0-videos/flower.mp4,
0170,text,生日祝福 0170,Hi 恋恋宝贝，愿你每天都被爱与好运围绕。第 0170 号粉丝祝福送达！,,
0171,text,生日祝福 0171,Hi 恋恋宝贝，愿你每天都被爱与好运围绕。第 0171 号粉丝祝福送达！,,
0172,text,生日祝福 0172,Hi 恋恋宝贝，愿你每天都被爱与好运围绕。第 0172 号粉丝祝福送达！,,
0173,text,生日祝福 0173,Hi 恋恋宝贝，愿你每天都被爱与好运围绕。第 0173 号粉丝祝福送达！,,
0174,text,生日祝福 0174,Hi 恋恋宝贝，愿你每天都被爱与好运围绕。第 0174 号粉丝祝福送达！,,
0175,image,手绘投稿 0175,这是一张粉丝投稿图片示例。,https://picsum.photos/seed/ll-0175/960/540,
0176,image,手绘投稿 0176,这是一张粉丝投稿图片示例。,https://picsum.photos/seed/ll-0176/960/540,
0177,image,手绘投稿 0177,这是一张粉丝投稿图片示例。,https://picsum.photos/seed/ll-0177/960/540,
0178,audio,语音祝福 0178,这里是粉丝语音祝福示例。,https://interactive-examples.mdn.mozilla.net/media/cc0-audio/t-rex-roar.mp3,
0179,video,视频祝福 0179,这里是粉丝视频祝福示例。,https://interactive-examples.mdn.mozilla.net/media/cc0-videos/flower.mp4,
0180,text,生日祝福 0180,Hi 恋恋宝贝，愿你每天都被爱与好运围绕。第 0180 号粉丝祝福送达！,,
0181,text,生日祝福 0181,Hi 恋恋宝贝，愿你每天都被爱与好运围绕。第 0181 号粉丝祝福送达！,,
0182,text,生日祝福 0182,Hi 恋恋宝贝，愿你每天都被爱与好运围绕。第 0182 号粉丝祝福送达！,,
0183,text,生日祝福 0183,Hi 恋恋宝贝，愿你每天都被爱与好运围绕。第 0183 号粉丝祝福送达！,,
0184,text,生日祝福 0184,Hi 恋恋宝贝，愿你每天都被爱与好运围绕。第 0184 号粉丝祝福送达！,,
0185,image,手绘投稿 0185,这是一张粉丝投稿图片示例。,https://picsum.photos/seed/ll-0185/960/540,
0186,image,手绘投稿 0186,这是一张粉丝投稿图片示例。,https://picsum.photos/seed/ll-0186/960/540,
0187,image,手绘投稿 0187,这是一张粉丝投稿图片示例。,https://picsum.photos/seed/ll-0187/960/540,
0188,audio,语音祝福 0188,这里是粉丝语音祝福示例。,https://interactive-examples.mdn.mozilla.net/media/cc0-audio/t-rex-roar.mp3,
0189,video,视频祝福 0189,这里是粉丝视频祝福示例。,https://interactive-examples.mdn.mozilla.net/media/cc0-videos/flower.mp4,
0190,text,生日祝福 0190,Hi 恋恋宝贝，愿你每天都被爱与好运围绕。第 0190 号粉丝祝福送达！,,
0191,text,生日祝福 0191,Hi 恋恋宝贝，愿你每天都被爱与好运围绕。第 0191 号粉丝祝福送达！,,
0192,text,生日祝福 0192,Hi 恋恋宝贝，愿你每天都被爱与好运围绕。第 0192 号粉丝祝福送达！,,
0193,text,生日祝福 0193,Hi 恋恋宝贝，愿你每天都被爱与好运围绕。第 0193 号粉丝祝福送达！,,
0194,text,生日祝福 0194,Hi 恋恋宝贝，愿你每天都被爱与好运围绕。第 0194 号粉丝祝福送达！,,
0195,image,手绘投稿 0195,这是一张粉丝投稿图片示例。,https://picsum.photos/seed/ll-0195/960/540,
0196,image,手绘投稿 0196,这是一张粉丝投稿图片示例。,https://picsum.photos/seed/ll-0196/960/540,
0197,image,手绘投稿 0197,这是一张粉丝投稿图片示例。,https://picsum.photos/seed/ll-0197/960/540,
0198,audio,语音祝福 0198,这里是粉丝语音祝福示例。,https://interactive-examples.mdn.mozilla.net/media/cc0-audio/t-rex-roar.mp3,
0199,video,视频祝福 0199,这里是粉丝视频祝福示例。,https://interactive-examples.mdn.mozilla.net/media/cc0-videos/flower.mp4,
0200,text,生日祝福 0200,Hi 恋恋宝贝，愿你每天都被爱与好运围绕。第 0200 号粉丝祝福送达！,,
0201,text,生日祝福 0201,Hi 恋恋宝贝，愿你每天都被爱与好运围绕。第 0201 号粉丝祝福送达！,,
0202,text,生日祝福 0202,Hi 恋恋宝贝，愿你每天都被爱与好运围绕。第 0202 号粉丝祝福送达！,,
0203,text,生日祝福 0203,Hi 恋恋宝贝，愿你每天都被爱与好运围绕。第 0203 号粉丝祝福送达！,,
0204,text,生日祝福 0204,Hi 恋恋宝贝，愿你每天都被爱与好运围绕。第 0204 号粉丝祝福送达！,,
0205,image,手绘投稿 0205,这是一张粉丝投稿图片示例。,https://picsum.photos/seed/ll-0205/960/540,
0206,image,手绘投稿 0206,这是一张粉丝投稿图片示例。,https://picsum.photos/seed/ll-0206/960/540,
0207,image,手绘投稿 0207,这是一张粉丝投稿图片示例。,https://picsum.photos/seed/ll-0207/960/540,
0208,audio,语音祝福 0208,这里是粉丝语音祝福示例。,https://interactive-examples.mdn.mozilla.net/media/cc0-audio/t-rex-roar.mp3,
0209,video,视频祝福 0209,这里是粉丝视频祝福示例。,https://interactive-examples.mdn.mozilla.net/media/cc0-videos/flower.mp4,
0210,text,生日祝福 0210,Hi 恋恋宝贝，愿你每天都被爱与好运围绕。第 0210 号粉丝祝福送达！,,
0211,text,生日祝福 0211,Hi 恋恋宝贝，愿你每天都被爱与好运围绕。第 0211 号粉丝祝福送达！,,
0212,text,生日祝福 0212,Hi 恋恋宝贝，愿你每天都被爱与好运围绕。第 0212 号粉丝祝福送达！,,
0213,text,生日祝福 0213,Hi 恋恋宝贝，愿你每天都被爱与好运围绕。第 0213 号粉丝祝福送达！,,
0214,text,生日祝福 0214,Hi 恋恋宝贝，愿你每天都被爱与好运围绕。第 0214 号粉丝祝福送达！,,
0215,image,手绘投稿 0215,这是一张粉丝投稿图片示例。,https://picsum.photos/seed/ll-0215/960/540,
0216,image,手绘投稿 0216,这是一张粉丝投稿图片示例。,https://picsum.photos/seed/ll-0216/960/540,
0217,image,手绘投稿 0217,这是一张粉丝投稿图片示例。,https://picsum.photos/seed/ll-0217/960/540,
0218,audio,语音祝福 0218,这里是粉丝语音祝福示例。,https://interactive-examples.mdn.mozilla.net/media/cc0-audio/t-rex-roar.mp3,
0219,video,视频祝福 0219,这里是粉丝视频祝福示例。,https://interactive-examples.mdn.mozilla.net/media/cc0-videos/flower.mp4,
0220,text,生日祝福 0220,Hi 恋恋宝贝，愿你每天都被爱与好运围绕。第 0220 号粉丝祝福送达！,,
0221,text,生日祝福 0221,Hi 恋恋宝贝，愿你每天都被爱与好运围绕。第 0221 号粉丝祝福送达！,,
0222,text,生日祝福 0222,Hi 恋恋宝贝，愿你每天都被爱与好运围绕。第 0222 号粉丝祝福送达！,,
0223,text,生日祝福 0223,Hi 恋恋宝贝，愿你每天都被爱与好运围绕。第 0223 号粉丝祝福送达！,,
0224,text,生日祝福 0224,Hi 恋恋宝贝，愿你每天都被爱与好运围绕。第 0224 号粉丝祝福送达！,,
0225,image,手绘投稿 0225,这是一张粉丝投稿图片示例。,https://picsum.photos/seed/ll-0225/960/540,
0226,image,手绘投稿 0226,这是一张粉丝投稿图片示例。,https://picsum.photos/seed/ll-0226/960/540,
0227,image,手绘投稿 0227,这是一张粉丝投稿图片示例。,https://picsum.photos/seed/ll-0227/960/540,
0228,audio,语音祝福 0228,这里是粉丝语音祝福示例。,https://interactive-examples.mdn.mozilla.net/media/cc0-audio/t-rex-roar.mp3,
0229,video,视频祝福 0229,这里是粉丝视频祝福示例。,https://interactive-examples.mdn.mozilla.net/media/cc0-videos/flower.mp4,
0230,text,生日祝福 0230,Hi 恋恋宝贝，愿你每天都被爱与好运围绕。第 0230 号粉丝祝福送达！,,
0231,text,生日祝福 0231,Hi 恋恋宝贝，愿你每天都被爱与好运围绕。第 0231 号粉丝祝福送达！,,
0232,text,生日祝福 0232,Hi 恋恋宝贝，愿你每天都被爱与好运围绕。第 0232 号粉丝祝福送达！,,
0233,text,生日祝福 0233,Hi 恋恋宝贝，愿你每天都被爱与好运围绕。第 0233 号粉丝祝福送达！,,
0234,text,生日祝福 0234,Hi 恋恋宝贝，愿你每天都被爱与好运围绕。第 0234 号粉丝祝福送达！,,
0235,image,手绘投稿 0235,这是一张粉丝投稿图片示例。,https://picsum.photos/seed/ll-0235/960/540,
0236,image,手绘投稿 0236,这是一张粉丝投稿图片示例。,https://picsum.photos/seed/ll-0236/960/540,
0237,image,手绘投稿 0237,这是一张粉丝投稿图片示例。,https://picsum.photos/seed/ll-0237/960/540,
0238,audio,语音祝福 0238,这里是粉丝语音祝福示例。,https://interactive-examples.mdn.mozilla.net/media/cc0-audio/t-rex-roar.mp3,
0239,video,视频祝福 0239,这里是粉丝视频祝福示例。,https://interactive-examples.mdn.mozilla.net/media/cc0-videos/flower.mp4,
0240,text,生日祝福 0240,Hi 恋恋宝贝，愿你每天都被爱与好运围绕。第 0240 号粉丝祝福送达！,,
0241,text,生日祝福 0241,Hi 恋恋宝贝，愿你每天都被爱与好运围绕。第 0241 号粉丝祝福送达！,,
0242,text,生日祝福 0242,Hi 恋恋宝贝，愿你每天都被爱与好运围绕。第 0242 号粉丝祝福送达！,,
0243,text,生日祝福 0243,Hi 恋恋宝贝，愿你每天都被爱与好运围绕。第 0243 号粉丝祝福送达！,,
0244,text,生日祝福 0244,Hi 恋恋宝贝，愿你每天都被爱与好运围绕。第 0244 号粉丝祝福送达！,,
0245,image,手绘投稿 0245,这是一张粉丝投稿图片示例。,https://picsum.photos/seed/ll-0245/960/540,
0246,image,手绘投稿 0246,这是一张粉丝投稿图片示例。,https://picsum.photos/seed/ll-0246/960/540,
0247,image,手绘投稿 0247,这是一张粉丝投稿图片示例。,https://picsum.photos/seed/ll-0247/960/540,
0248,audio,语音祝福 0248,这里是粉丝语音祝福示例。,https://interactive-examples.mdn.mozilla.net/media/cc0-audio/t-rex-roar.mp3,
0249,video,视频祝福 0249,这里是粉丝视频祝福示例。,https://interactive-examples.mdn.mozilla.net/media/cc0-videos/flower.mp4,
0250,text,生日祝福 0250,Hi 恋恋宝贝，愿你每天都被爱与好运围绕。第 0250 号粉丝祝福送达！,,
0251,text,生日祝福 0251,Hi 恋恋宝贝，愿你每天都被爱与好运围绕。第 0251 号粉丝祝福送达！,,
0252,text,生日祝福 0252,Hi 恋恋宝贝，愿你每天都被爱与好运围绕。第 0252 号粉丝祝福送达！,,
0253,text,生日祝福 0253,Hi 恋恋宝贝，愿你每天都被爱与好运围绕。第 0253 号粉丝祝福送达！,,
0254,text,生日祝福 0254,Hi 恋恋宝贝，愿你每天都被爱与好运围绕。第 0254 号粉丝祝福送达！,,
0255,image,手绘投稿 0255,这是一张粉丝投稿图片示例。,https://picsum.photos/seed/ll-0255/960/540,
0256,image,手绘投稿 0256,这是一张粉丝投稿图片示例。,https://picsum.photos/seed/ll-0256/960/540,
0257,image,手绘投稿 0257,这是一张粉丝投稿图片示例。,https://picsum.photos/seed/ll-0257/960/540,
0258,audio,语音祝福 0258,这里是粉丝语音祝福示例。,https://interactive-examples.mdn.mozilla.net/media/cc0-audio/t-rex-roar.mp3,
0259,video,视频祝福 0259,这里是粉丝视频祝福示例。,https://interactive-examples.mdn.mozilla.net/media/cc0-videos/flower.mp4,
0260,text,生日祝福 0260,Hi 恋恋宝贝，愿你每天都被爱与好运围绕。第 0260 号粉丝祝福送达！,,
0261,text,生日祝福 0261,Hi 恋恋宝贝，愿你每天都被爱与好运围绕。第 0261 号粉丝祝福送达！,,
0262,text,生日祝福 0262,Hi 恋恋宝贝，愿你每天都被爱与好运围绕。第 0262 号粉丝祝福送达！,,
0263,text,生日祝福 0263,Hi 恋恋宝贝，愿你每天都被爱与好运围绕。第 0263 号粉丝祝福送达！,,
0264,text,生日祝福 0264,Hi 恋恋宝贝，愿你每天都被爱与好运围绕。第 0264 号粉丝祝福送达！,,
0265,image,手绘投稿 0265,这是一张粉丝投稿图片示例。,https://picsum.photos/seed/ll-0265/960/540,
0266,image,手绘投稿 0266,这是一张粉丝投稿图片示例。,https://picsum.photos/seed/ll-0266/960/540,
0267,image,手绘投稿 0267,这是一张粉丝投稿图片示例。,https://picsum.photos/seed/ll-0267/960/540,
0268,audio,语音祝福 0268,这里是粉丝语音祝福示例。,https://interactive-examples.mdn.mozilla.net/media/cc0-audio/t-rex-roar.mp3,
0269,video,视频祝福 0269,这里是粉丝视频祝福示例。,https://interactive-examples.mdn.mozilla.net/media/cc0-videos/flower.mp4,
0270,text,生日祝福 0270,Hi 恋恋宝贝，愿你每天都被爱与好运围绕。第 0270 号粉丝祝福送达！,,
0271,text,生日祝福 0271,Hi 恋恋宝贝，愿你每天都被爱与好运围绕。第 0271 号粉丝祝福送达！,,
0272,text,生日祝福 0272,Hi 恋恋宝贝，愿你每天都被爱与好运围绕。第 0272 号粉丝祝福送达！,,
0273,text,生日祝福 0273,Hi 恋恋宝贝，愿你每天都被爱与好运围绕。第 0273 号粉丝祝福送达！,,
0274,text,生日祝福 0274,Hi 恋恋宝贝，愿你每天都被爱与好运围绕。第 0274 号粉丝祝福送达！,,
0275,image,手绘投稿 0275,这是一张粉丝投稿图片示例。,https://picsum.photos/seed/ll-0275/960/540,
0276,image,手绘投稿 0276,这是一张粉丝投稿图片示例。,https://picsum.photos/seed/ll-0276/960/540,
0277,image,手绘投稿 0277,这是一张粉丝投稿图片示例。,https://picsum.photos/seed/ll-0277/960/540,
0278,audio,语音祝福 0278,这里是粉丝语音祝福示例。,https://interactive-examples.mdn.mozilla.net/media/cc0-audio/t-rex-roar.mp3,
0279,video,视频祝福 0279,这里是粉丝视频祝福示例。,https://interactive-examples.mdn.mozilla.net/media/cc0-videos/flower.mp4,
0280,text,生日祝福 0280,Hi 恋恋宝贝，愿你每天都被爱与好运围绕。第 0280 号粉丝祝福送达！,,
0281,text,生日祝福 0281,Hi 恋恋宝贝，愿你每天都被爱与好运围绕。第 0281 号粉丝祝福送达！,,
0282,text,生日祝福 0282,Hi 恋恋宝贝，愿你每天都被爱与好运围绕。第 0282 号粉丝祝福送达！,,
0283,text,生日祝福 0283,Hi 恋恋宝贝，愿你每天都被爱与好运围绕。第 0283 号粉丝祝福送达！,,
0284,text,生日祝福 0284,Hi 恋恋宝贝，愿你每天都被爱与好运围绕。第 0284 号粉丝祝福送达！,,
0285,image,手绘投稿 0285,这是一张粉丝投稿图片示例。,https://picsum.photos/seed/ll-0285/960/540,
0286,image,手绘投稿 0286,这是一张粉丝投稿图片示例。,https://picsum.photos/seed/ll-0286/960/540,
0287,image,手绘投稿 0287,这是一张粉丝投稿图片示例。,https://picsum.photos/seed/ll-0287/960/540,
0288,audio,语音祝福 0288,这里是粉丝语音祝福示例。,https://interactive-examples.mdn.mozilla.net/media/cc0-audio/t-rex-roar.mp3,
0289,video,视频祝福 0289,这里是粉丝视频祝福示例。,https://interactive-examples.mdn.mozilla.net/media/cc0-videos/flower.mp4,
0290,text,生日祝福 0290,Hi 恋恋宝贝，愿你每天都被爱与好运围绕。第 0290 号粉丝祝福送达！,,
0291,text,生日祝福 0291,Hi 恋恋宝贝，愿你每天都被爱与好运围绕。第 0291 号粉丝祝福送达！,,
0292,text,生日祝福 0292,Hi 恋恋宝贝，愿你每天都被爱与好运围绕。第 0292 号粉丝祝福送达！,,
0293,text,生日祝福 0293,Hi 恋恋宝贝，愿你每天都被爱与好运围绕。第 0293 号粉丝祝福送达！,,
0294,text,生日祝福 0294,Hi 恋恋宝贝，愿你每天都被爱与好运围绕。第 0294 号粉丝祝福送达！,,
0295,image,手绘投稿 0295,这是一张粉丝投稿图片示例。,https://picsum.photos/seed/ll-0295/960/540,
0296,image,手绘投稿 0296,这是一张粉丝投稿图片示例。,https://picsum.photos/seed/ll-0296/960/540,
0297,image,手绘投稿 0297,这是一张粉丝投稿图片示例。,https://picsum.photos/seed/ll-0297/960/540,
0298,audio,语音祝福 0298,这里是粉丝语音祝福示例。,https://interactive-examples.mdn.mozilla.net/media/cc0-audio/t-rex-roar.mp3,
0299,video,视频祝福 0299,这里是粉丝视频祝福示例。,https://interactive-examples.mdn.mozilla.net/media/cc0-videos/flower.mp4,
0300,text,生日祝福 0300,Hi 恋恋宝贝，愿你每天都被爱与好运围绕。第 0300 号粉丝祝福送达！,,
0301,text,生日祝福 0301,Hi 恋恋宝贝，愿你每天都被爱与好运围绕。第 0301 号粉丝祝福送达！,,
0302,text,生日祝福 0302,Hi 恋恋宝贝，愿你每天都被爱与好运围绕。第 0302 号粉丝祝福送达！,,
0303,text,生日祝福 0303,Hi 恋恋宝贝，愿你每天都被爱与好运围绕。第 0303 号粉丝祝福送达！,,
0304,text,生日祝福 0304,Hi 恋恋宝贝，愿你每天都被爱与好运围绕。第 0304 号粉丝祝福送达！,,
0305,image,手绘投稿 0305,这是一张粉丝投稿图片示例。,https://picsum.photos/seed/ll-0305/960/540,
0306,image,手绘投稿 0306,这是一张粉丝投稿图片示例。,https://picsum.photos/seed/ll-0306/960/540,
0307,image,手绘投稿 0307,这是一张粉丝投稿图片示例。,https://picsum.photos/seed/ll-0307/960/540,
0308,audio,语音祝福 0308,这里是粉丝语音祝福示例。,https://interactive-examples.mdn.mozilla.net/media/cc0-audio/t-rex-roar.mp3,
0309,video,视频祝福 0309,这里是粉丝视频祝福示例。,https://interactive-examples.mdn.mozilla.net/media/cc0-videos/flower.mp4,
0310,text,生日祝福 0310,Hi 恋恋宝贝，愿你每天都被爱与好运围绕。第 0310 号粉丝祝福送达！,,
0311,text,生日祝福 0311,Hi 恋恋宝贝，愿你每天都被爱与好运围绕。第 0311 号粉丝祝福送达！,,
0312,text,生日祝福 0312,Hi 恋恋宝贝，愿你每天都被爱与好运围绕。第 0312 号粉丝祝福送达！,,
0313,text,生日祝福 0313,Hi 恋恋宝贝，愿你每天都被爱与好运围绕。第 0313 号粉丝祝福送达！,,
0314,text,生日祝福 0314,Hi 恋恋宝贝，愿你每天都被爱与好运围绕。第 0314 号粉丝祝福送达！,,
0315,image,手绘投稿 0315,这是一张粉丝投稿图片示例。,https://picsum.photos/seed/ll-0315/960/540,
0316,image,手绘投稿 0316,这是一张粉丝投稿图片示例。,https://picsum.photos/seed/ll-0316/960/540,
0317,image,手绘投稿 0317,这是一张粉丝投稿图片示例。,https://picsum.photos/seed/ll-0317/960/540,
0318,audio,语音祝福 0318,这里是粉丝语音祝福示例。,https://interactive-examples.mdn.mozilla.net/media/cc0-audio/t-rex-roar.mp3,
0319,video,视频祝福 0319,这里是粉丝视频祝福示例。,https://interactive-examples.mdn.mozilla.net/media/cc0-videos/flower.mp4,
0320,text,生日祝福 0320,Hi 恋恋宝贝，愿你每天都被爱与好运围绕。第 0320 号粉丝祝福送达！,,
0321,text,生日祝福 0321,Hi 恋恋宝贝，愿你每天都被爱与好运围绕。第 0321 号粉丝祝福送达！,,
0322,text,生日祝福 0322,Hi 恋恋宝贝，愿你每天都被爱与好运围绕。第 0322 号粉丝祝福送达！,,
0323,text,生日祝福 0323,Hi 恋恋宝贝，愿你每天都被爱与好运围绕。第 0323 号粉丝祝福送达！,,
0324,text,生日祝福 0324,Hi 恋恋宝贝，愿你每天都被爱与好运围绕。第 0324 号粉丝祝福送达！,,
0325,image,手绘投稿 0325,这是一张粉丝投稿图片示例。,https://picsum.photos/seed/ll-0325/960/540,
0326,image,手绘投稿 0326,这是一张粉丝投稿图片示例。,https://picsum.photos/seed/ll-0326/960/540,
0327,image,手绘投稿 0327,这是一张粉丝投稿图片示例。,https://picsum.photos/seed/ll-0327/960/540,
0328,audio,语音祝福 0328,这里是粉丝语音祝福示例。,https://interactive-examples.mdn.mozilla.net/media/cc0-audio/t-rex-roar.mp3,
0329,video,视频祝福 0329,这里是粉丝视频祝福示例。,https://interactive-examples.mdn.mozilla.net/media/cc0-videos/flower.mp4,
0330,text,生日祝福 0330,Hi 恋恋宝贝，愿你每天都被爱与好运围绕。第 0330 号粉丝祝福送达！,,
0331,text,生日祝福 0331,Hi 恋恋宝贝，愿你每天都被爱与好运围绕。第 0331 号粉丝祝福送达！,,
0332,text,生日祝福 0332,Hi 恋恋宝贝，愿你每天都被爱与好运围绕。第 0332 号粉丝祝福送达！,,
0333,text,生日祝福 0333,Hi 恋恋宝贝，愿你每天都被爱与好运围绕。第 0333 号粉丝祝福送达！,,
0334,text,生日祝福 0334,Hi 恋恋宝贝，愿你每天都被爱与好运围绕。第 0334 号粉丝祝福送达！,,
0335,image,手绘投稿 0335,这是一张粉丝投稿图片示例。,https://picsum.photos/seed/ll-0335/960/540,
0336,image,手绘投稿 0336,这是一张粉丝投稿图片示例。,https://picsum.photos/seed/ll-0336/960/540,
0337,image,手绘投稿 0337,这是一张粉丝投稿图片示例。,https://picsum.photos/seed/ll-0337/960/540,
0338,audio,语音祝福 0338,这里是粉丝语音祝福示例。,https://interactive-examples.mdn.mozilla.net/media/cc0-audio/t-rex-roar.mp3,
0339,video,视频祝福 0339,这里是粉丝视频祝福示例。,https://interactive-examples.mdn.mozilla.net/media/cc0-videos/flower.mp4,
0340,text,生日祝福 0340,Hi 恋恋宝贝，愿你每天都被爱与好运围绕。第 0340 号粉丝祝福送达！,,
0341,text,生日祝福 0341,Hi 恋恋宝贝，愿你每天都被爱与好运围绕。第 0341 号粉丝祝福送达！,,
0342,text,生日祝福 0342,Hi 恋恋宝贝，愿你每天都被爱与好运围绕。第 0342 号粉丝祝福送达！,,
0343,text,生日祝福 0343,Hi 恋恋宝贝，愿你每天都被爱与好运围绕。第 0343 号粉丝祝福送达！,,
0344,text,生日祝福 0344,Hi 恋恋宝贝，愿你每天都被爱与好运围绕。第 0344 号粉丝祝福送达！,,
0345,image,手绘投稿 0345,这是一张粉丝投稿图片示例。,https://picsum.photos/seed/ll-0345/960/540,
0346,image,手绘投稿 0346,这是一张粉丝投稿图片示例。,https://picsum.photos/seed/ll-0346/960/540,
0347,image,手绘投稿 0347,这是一张粉丝投稿图片示例。,https://picsum.photos/seed/ll-0347/960/540,
0348,audio,语音祝福 0348,这里是粉丝语音祝福示例。,https://interactive-examples.mdn.mozilla.net/media/cc0-audio/t-rex-roar.mp3,
0349,video,视频祝福 0349,这里是粉丝视频祝福示例。,https://interactive-examples.mdn.mozilla.net/media/cc0-videos/flower.mp4,
0350,text,生日祝福 0350,Hi 恋恋宝贝，愿你每天都被爱与好运围绕。第 0350 号粉丝祝福送达！,,
0351,text,生日祝福 0351,Hi 恋恋宝贝，愿你每天都被爱与好运围绕。第 0351 号粉丝祝福送达！,,
0352,text,生日祝福 0352,Hi 恋恋宝贝，愿你每天都被爱与好运围绕。第 0352 号粉丝祝福送达！,,
0353,text,生日祝福 0353,Hi 恋恋宝贝，愿你每天都被爱与好运围绕。第 0353 号粉丝祝福送达！,,
0354,text,生日祝福 0354,Hi 恋恋宝贝，愿你每天都被爱与好运围绕。第 0354 号粉丝祝福送达！,,
0355,image,手绘投稿 0355,这是一张粉丝投稿图片示例。,https://picsum.photos/seed/ll-0355/960/540,
0356,image,手绘投稿 0356,这是一张粉丝投稿图片示例。,https://picsum.photos/seed/ll-0356/960/540,
0357,image,手绘投稿 0357,这是一张粉丝投稿图片示例。,https://picsum.photos/seed/ll-0357/960/540,
0358,audio,语音祝福 0358,这里是粉丝语音祝福示例。,https://interactive-examples.mdn.mozilla.net/media/cc0-audio/t-rex-roar.mp3,
0359,video,视频祝福 0359,这里是粉丝视频祝福示例。,https://interactive-examples.mdn.mozilla.net/media/cc0-videos/flower.mp4,
0360,text,生日祝福 0360,Hi 恋恋宝贝，愿你每天都被爱与好运围绕。第 0360 号粉丝祝福送达！,,
0361,text,生日祝福 0361,Hi 恋恋宝贝，愿你每天都被爱与好运围绕。第 0361 号粉丝祝福送达！,,
0362,text,生日祝福 0362,Hi 恋恋宝贝，愿你每天都被爱与好运围绕。第 0362 号粉丝祝福送达！,,
0363,text,生日祝福 0363,Hi 恋恋宝贝，愿你每天都被爱与好运围绕。第 0363 号粉丝祝福送达！,,
0364,text,生日祝福 0364,Hi 恋恋宝贝，愿你每天都被爱与好运围绕。第 0364 号粉丝祝福送达！,,
0365,image,手绘投稿 0365,这是一张粉丝投稿图片示例。,https://picsum.photos/seed/ll-0365/960/540,
0366,image,手绘投稿 0366,这是一张粉丝投稿图片示例。,https://picsum.photos/seed/ll-0366/960/540,
0367,image,手绘投稿 0367,这是一张粉丝投稿图片示例。,https://picsum.photos/seed/ll-0367/960/540,
0368,audio,语音祝福 0368,这里是粉丝语音祝福示例。,https://interactive-examples.mdn.mozilla.net/media/cc0-audio/t-rex-roar.mp3,
0369,video,视频祝福 0369,这里是粉丝视频祝福示例。,https://interactive-examples.mdn.mozilla.net/media/cc0-videos/flower.mp4,
0370,text,生日祝福 0370,Hi 恋恋宝贝，愿你每天都被爱与好运围绕。第 0370 号粉丝祝福送达！,,
0371,text,生日祝福 0371,Hi 恋恋宝贝，愿你每天都被爱与好运围绕。第 0371 号粉丝祝福送达！,,
0372,text,生日祝福 0372,Hi 恋恋宝贝，愿你每天都被爱与好运围绕。第 0372 号粉丝祝福送达！,,
0373,text,生日祝福 0373,Hi 恋恋宝贝，愿你每天都被爱与好运围绕。第 0373 号粉丝祝福送达！,,
0374,text,生日祝福 0374,Hi 恋恋宝贝，愿你每天都被爱与好运围绕。第 0374 号粉丝祝福送达！,,
0375,image,手绘投稿 0375,这是一张粉丝投稿图片示例。,https://picsum.photos/seed/ll-0375/960/540,
0376,image,手绘投稿 0376,这是一张粉丝投稿图片示例。,https://picsum.photos/seed/ll-0376/960/540,
0377,image,手绘投稿 0377,这是一张粉丝投稿图片示例。,https://picsum.photos/seed/ll-0377/960/540,
0378,audio,语音祝福 0378,这里是粉丝语音祝福示例。,https://interactive-examples.mdn.mozilla.net/media/cc0-audio/t-rex-roar.mp3,
0379,video,视频祝福 0379,这里是粉丝视频祝福示例。,https://interactive-examples.mdn.mozilla.net/media/cc0-videos/flower.mp4,
0380,text,生日祝福 0380,Hi 恋恋宝贝，愿你每天都被爱与好运围绕。第 0380 号粉丝祝福送达！,,
0381,text,生日祝福 0381,Hi 恋恋宝贝，愿你每天都被爱与好运围绕。第 0381 号粉丝祝福送达！,,
0382,text,生日祝福 0382,Hi 恋恋宝贝，愿你每天都被爱与好运围绕。第 0382 号粉丝祝福送达！,,
0383,text,生日祝福 0383,Hi 恋恋宝贝，愿你每天都被爱与好运围绕。第 0383 号粉丝祝福送达！,,
0384,text,生日祝福 0384,Hi 恋恋宝贝，愿你每天都被爱与好运围绕。第 0384 号粉丝祝福送达！,,
0385,image,手绘投稿 0385,这是一张粉丝投稿图片示例。,https://picsum.photos/seed/ll-0385/960/540,
0386,image,手绘投稿 0386,这是一张粉丝投稿图片示例。,https://picsum.photos/seed/ll-0386/960/540,
0387,image,手绘投稿 0387,这是一张粉丝投稿图片示例。,https://picsum.photos/seed/ll-0387/960/540,
0388,audio,语音祝福 0388,这里是粉丝语音祝福示例。,https://interactive-examples.mdn.mozilla.net/media/cc0-audio/t-rex-roar.mp3,
0389,video,视频祝福 0389,这里是粉丝视频祝福示例。,https://interactive-examples.mdn.mozilla.net/media/cc0-videos/flower.mp4,
0390,text,生日祝福 0390,Hi 恋恋宝贝，愿你每天都被爱与好运围绕。第 0390 号粉丝祝福送达！,,
0391,text,生日祝福 0391,Hi 恋恋宝贝，愿你每天都被爱与好运围绕。第 0391 号粉丝祝福送达！,,
0392,text,生日祝福 0392,Hi 恋恋宝贝，愿你每天都被爱与好运围绕。第 0392 号粉丝祝福送达！,,
0393,text,生日祝福 0393,Hi 恋恋宝贝，愿你每天都被爱与好运围绕。第 0393 号粉丝祝福送达！,,
0394,text,生日祝福 0394,Hi 恋恋宝贝，愿你每天都被爱与好运围绕。第 0394 号粉丝祝福送达！,,
0395,image,手绘投稿 0395,这是一张粉丝投稿图片示例。,https://picsum.photos/seed/ll-0395/960/540,
0396,image,手绘投稿 0396,这是一张粉丝投稿图片示例。,https://picsum.photos/seed/ll-0396/960/540,
0397,image,手绘投稿 0397,这是一张粉丝投稿图片示例。,https://picsum.photos/seed/ll-0397/960/540,
0398,audio,语音祝福 0398,这里是粉丝语音祝福示例。,https://interactive-examples.mdn.mozilla.net/media/cc0-audio/t-rex-roar.mp3,
0399,video,视频祝福 0399,这里是粉丝视频祝福示例。,https://interactive-examples.mdn.mozilla.net/media/cc0-videos/flower.mp4,
0400,text,生日祝福 0400,Hi 恋恋宝贝，愿你每天都被爱与好运围绕。第 0400 号粉丝祝福送达！,,
0401,text,生日祝福 0401,Hi 恋恋宝贝，愿你每天都被爱与好运围绕。第 0401 号粉丝祝福送达！,,
0402,text,生日祝福 0402,Hi 恋恋宝贝，愿你每天都被爱与好运围绕。第 0402 号粉丝祝福送达！,,
0403,text,生日祝福 0403,Hi 恋恋宝贝，愿你每天都被爱与好运围绕。第 0403 号粉丝祝福送达！,,
0404,text,生日祝福 0404,Hi 恋恋宝贝，愿你每天都被爱与好运围绕。第 0404 号粉丝祝福送达！,,
0405,image,手绘投稿 0405,这是一张粉丝投稿图片示例。,https://picsum.photos/seed/ll-0405/960/540,
0406,image,手绘投稿 0406,这是一张粉丝投稿图片示例。,https://picsum.photos/seed/ll-0406/960/540,
0407,image,手绘投稿 0407,这是一张粉丝投稿图片示例。,https://picsum.photos/seed/ll-0407/960/540,
0408,audio,语音祝福 0408,这里是粉丝语音祝福示例。,https://interactive-examples.mdn.mozilla.net/media/cc0-audio/t-rex-roar.mp3,
0409,video,视频祝福 0409,这里是粉丝视频祝福示例。,https://interactive-examples.mdn.mozilla.net/media/cc0-videos/flower.mp4,
0410,text,生日祝福 0410,Hi 恋恋宝贝，愿你每天都被爱与好运围绕。第 0410 号粉丝祝福送达！,,
0411,text,生日祝福 0411,Hi 恋恋宝贝，愿你每天都被爱与好运围绕。第 0411 号粉丝祝福送达！,,
0412,text,生日祝福 0412,Hi 恋恋宝贝，愿你每天都被爱与好运围绕。第 0412 号粉丝祝福送达！,,
0413,text,生日祝福 0413,Hi 恋恋宝贝，愿你每天都被爱与好运围绕。第 0413 号粉丝祝福送达！,,
0414,text,生日祝福 0414,Hi 恋恋宝贝，愿你每天都被爱与好运围绕。第 0414 号粉丝祝福送达！,,
0415,image,手绘投稿 0415,这是一张粉丝投稿图片示例。,https://picsum.photos/seed/ll-0415/960/540,
0416,image,手绘投稿 0416,这是一张粉丝投稿图片示例。,https://picsum.photos/seed/ll-0416/960/540,
0417,image,手绘投稿 0417,这是一张粉丝投稿图片示例。,https://picsum.photos/seed/ll-0417/960/540,
0418,audio,语音祝福 0418,这里是粉丝语音祝福示例。,https://interactive-examples.mdn.mozilla.net/media/cc0-audio/t-rex-roar.mp3,
0419,video,视频祝福 0419,这里是粉丝视频祝福示例。,https://interactive-examples.mdn.mozilla.net/media/cc0-videos/flower.mp4,
0420,text,生日祝福 0420,Hi 恋恋宝贝，愿你每天都被爱与好运围绕。第 0420 号粉丝祝福送达！,,
0421,text,生日祝福 0421,Hi 恋恋宝贝，愿你每天都被爱与好运围绕。第 0421 号粉丝祝福送达！,,
0422,text,生日祝福 0422,Hi 恋恋宝贝，愿你每天都被爱与好运围绕。第 0422 号粉丝祝福送达！,,
0423,text,生日祝福 0423,Hi 恋恋宝贝，愿你每天都被爱与好运围绕。第 0423 号粉丝祝福送达！,,
0424,text,生日祝福 0424,Hi 恋恋宝贝，愿你每天都被爱与好运围绕。第 0424 号粉丝祝福送达！,,
0425,image,手绘投稿 0425,这是一张粉丝投稿图片示例。,https://picsum.photos/seed/ll-0425/960/540,
0426,image,手绘投稿 0426,这是一张粉丝投稿图片示例。,https://picsum.photos/seed/ll-0426/960/540,
0427,image,手绘投稿 0427,这是一张粉丝投稿图片示例。,https://picsum.photos/seed/ll-0427/960/540,
0428,audio,语音祝福 0428,这里是粉丝语音祝福示例。,https://interactive-examples.mdn.mozilla.net/media/cc0-audio/t-rex-roar.mp3,
0429,video,视频祝福 0429,这里是粉丝视频祝福示例。,https://interactive-examples.mdn.mozilla.net/media/cc0-videos/flower.mp4,
0430,text,生日祝福 0430,Hi 恋恋宝贝，愿你每天都被爱与好运围绕。第 0430 号粉丝祝福送达！,,
0431,text,生日祝福 0431,Hi 恋恋宝贝，愿你每天都被爱与好运围绕。第 0431 号粉丝祝福送达！,,
0432,text,生日祝福 0432,Hi 恋恋宝贝，愿你每天都被爱与好运围绕。第 0432 号粉丝祝福送达！,,
0433,text,生日祝福 0433,Hi 恋恋宝贝，愿你每天都被爱与好运围绕。第 0433 号粉丝祝福送达！,,
0434,text,生日祝福 0434,Hi 恋恋宝贝，愿你每天都被爱与好运围绕。第 0434 号粉丝祝福送达！,,
0435,image,手绘投稿 0435,这是一张粉丝投稿图片示例。,https://picsum.photos/seed/ll-0435/960/540,
0436,image,手绘投稿 0436,这是一张粉丝投稿图片示例。,https://picsum.photos/seed/ll-0436/960/540,
0437,image,手绘投稿 0437,这是一张粉丝投稿图片示例。,https://picsum.photos/seed/ll-0437/960/540,
0438,audio,语音祝福 0438,这里是粉丝语音祝福示例。,https://interactive-examples.mdn.mozilla.net/media/cc0-audio/t-rex-roar.mp3,
0439,video,视频祝福 0439,这里是粉丝视频祝福示例。,https://interactive-examples.mdn.mozilla.net/media/cc0-videos/flower.mp4,
0440,text,生日祝福 0440,Hi 恋恋宝贝，愿你每天都被爱与好运围绕。第 0440 号粉丝祝福送达！,,
0441,text,生日祝福 0441,Hi 恋恋宝贝，愿你每天都被爱与好运围绕。第 0441 号粉丝祝福送达！,,
0442,text,生日祝福 0442,Hi 恋恋宝贝，愿你每天都被爱与好运围绕。第 0442 号粉丝祝福送达！,,
0443,text,生日祝福 0443,Hi 恋恋宝贝，愿你每天都被爱与好运围绕。第 0443 号粉丝祝福送达！,,
0444,text,生日祝福 0444,Hi 恋恋宝贝，愿你每天都被爱与好运围绕。第 0444 号粉丝祝福送达！,,
0445,image,手绘投稿 0445,这是一张粉丝投稿图片示例。,https://picsum.photos/seed/ll-0445/960/540,
0446,image,手绘投稿 0446,这是一张粉丝投稿图片示例。,https://picsum.photos/seed/ll-0446/960/540,
0447,image,手绘投稿 0447,这是一张粉丝投稿图片示例。,https://picsum.photos/seed/ll-0447/960/540,
0448,audio,语音祝福 0448,这里是粉丝语音祝福示例。,https://interactive-examples.mdn.mozilla.net/media/cc0-audio/t-rex-roar.mp3,
0449,video,视频祝福 0449,这里是粉丝视频祝福示例。,https://interactive-examples.mdn.mozilla.net/media/cc0-videos/flower.mp4,
0450,text,生日祝福 0450,Hi 恋恋宝贝，愿你每天都被爱与好运围绕。第 0450 号粉丝祝福送达！,,
0451,text,生日祝福 0451,Hi 恋恋宝贝，愿你每天都被爱与好运围绕。第 0451 号粉丝祝福送达！,,
0452,text,生日祝福 0452,Hi 恋恋宝贝，愿你每天都被爱与好运围绕。第 0452 号粉丝祝福送达！,,
0453,text,生日祝福 0453,Hi 恋恋宝贝，愿你每天都被爱与好运围绕。第 0453 号粉丝祝福送达！,,
0454,text,生日祝福 0454,Hi 恋恋宝贝，愿你每天都被爱与好运围绕。第 0454 号粉丝祝福送达！,,
0455,image,手绘投稿 0455,这是一张粉丝投稿图片示例。,https://picsum.photos/seed/ll-0455/960/540,
0456,image,手绘投稿 0456,这是一张粉丝投稿图片示例。,https://picsum.photos/seed/ll-0456/960/540,
0457,image,手绘投稿 0457,这是一张粉丝投稿图片示例。,https://picsum.photos/seed/ll-0457/960/540,
0458,audio,语音祝福 0458,这里是粉丝语音祝福示例。,https://interactive-examples.mdn.mozilla.net/media/cc0-audio/t-rex-roar.mp3,
0459,video,视频祝福 0459,这里是粉丝视频祝福示例。,https://interactive-examples.mdn.mozilla.net/media/cc0-videos/flower.mp4,
0460,text,生日祝福 0460,Hi 恋恋宝贝，愿你每天都被爱与好运围绕。第 0460 号粉丝祝福送达！,,
0461,text,生日祝福 0461,Hi 恋恋宝贝，愿你每天都被爱与好运围绕。第 0461 号粉丝祝福送达！,,
0462,text,生日祝福 0462,Hi 恋恋宝贝，愿你每天都被爱与好运围绕。第 0462 号粉丝祝福送达！,,
0463,text,生日祝福 0463,Hi 恋恋宝贝，愿你每天都被爱与好运围绕。第 0463 号粉丝祝福送达！,,
0464,text,生日祝福 0464,Hi 恋恋宝贝，愿你每天都被爱与好运围绕。第 0464 号粉丝祝福送达！,,
0465,image,手绘投稿 0465,这是一张粉丝投稿图片示例。,https://picsum.photos/seed/ll-0465/960/540,
0466,image,手绘投稿 0466,这是一张粉丝投稿图片示例。,https://picsum.photos/seed/ll-0466/960/540,
0467,image,手绘投稿 0467,这是一张粉丝投稿图片示例。,https://picsum.photos/seed/ll-0467/960/540,
0468,audio,语音祝福 0468,这里是粉丝语音祝福示例。,https://interactive-examples.mdn.mozilla.net/media/cc0-audio/t-rex-roar.mp3,
0469,video,视频祝福 0469,这里是粉丝视频祝福示例。,https://interactive-examples.mdn.mozilla.net/media/cc0-videos/flower.mp4,
0470,text,生日祝福 0470,Hi 恋恋宝贝，愿你每天都被爱与好运围绕。第 0470 号粉丝祝福送达！,,
0471,text,生日祝福 0471,Hi 恋恋宝贝，愿你每天都被爱与好运围绕。第 0471 号粉丝祝福送达！,,
0472,text,生日祝福 0472,Hi 恋恋宝贝，愿你每天都被爱与好运围绕。第 0472 号粉丝祝福送达！,,
0473,text,生日祝福 0473,Hi 恋恋宝贝，愿你每天都被爱与好运围绕。第 0473 号粉丝祝福送达！,,
0474,text,生日祝福 0474,Hi 恋恋宝贝，愿你每天都被爱与好运围绕。第 0474 号粉丝祝福送达！,,
0475,image,手绘投稿 0475,这是一张粉丝投稿图片示例。,https://picsum.photos/seed/ll-0475/960/540,
0476,image,手绘投稿 0476,这是一张粉丝投稿图片示例。,https://picsum.photos/seed/ll-0476/960/540,
0477,image,手绘投稿 0477,这是一张粉丝投稿图片示例。,https://picsum.photos/seed/ll-0477/960/540,
0478,audio,语音祝福 0478,这里是粉丝语音祝福示例。,https://interactive-examples.mdn.mozilla.net/media/cc0-audio/t-rex-roar.mp3,
0479,video,视频祝福 0479,这里是粉丝视频祝福示例。,https://interactive-examples.mdn.mozilla.net/media/cc0-videos/flower.mp4,
0480,text,生日祝福 0480,Hi 恋恋宝贝，愿你每天都被爱与好运围绕。第 0480 号粉丝祝福送达！,,
0481,text,生日祝福 0481,Hi 恋恋宝贝，愿你每天都被爱与好运围绕。第 0481 号粉丝祝福送达！,,
0482,text,生日祝福 0482,Hi 恋恋宝贝，愿你每天都被爱与好运围绕。第 0482 号粉丝祝福送达！,,
0483,text,生日祝福 0483,Hi 恋恋宝贝，愿你每天都被爱与好运围绕。第 0483 号粉丝祝福送达！,,
0484,text,生日祝福 0484,Hi 恋恋宝贝，愿你每天都被爱与好运围绕。第 0484 号粉丝祝福送达！,,
0485,image,手绘投稿 0485,这是一张粉丝投稿图片示例。,https://picsum.photos/seed/ll-0485/960/540,
0486,image,手绘投稿 0486,这是一张粉丝投稿图片示例。,https://picsum.photos/seed/ll-0486/960/540,
0487,image,手绘投稿 0487,这是一张粉丝投稿图片示例。,https://picsum.photos/seed/ll-0487/960/540,
0488,audio,语音祝福 0488,这里是粉丝语音祝福示例。,https://interactive-examples.mdn.mozilla.net/media/cc0-audio/t-rex-roar.mp3,
0489,video,视频祝福 0489,这里是粉丝视频祝福示例。,https://interactive-examples.mdn.mozilla.net/media/cc0-videos/flower.mp4,
0490,text,生日祝福 0490,Hi 恋恋宝贝，愿你每天都被爱与好运围绕。第 0490 号粉丝祝福送达！,,
0491,text,生日祝福 0491,Hi 恋恋宝贝，愿你每天都被爱与好运围绕。第 0491 号粉丝祝福送达！,,
0492,text,生日祝福 0492,Hi 恋恋宝贝，愿你每天都被爱与好运围绕。第 0492 号粉丝祝福送达！,,
0493,text,生日祝福 0493,Hi 恋恋宝贝，愿你每天都被爱与好运围绕。第 0493 号粉丝祝福送达！,,
0494,text,生日祝福 0494,Hi 恋恋宝贝，愿你每天都被爱与好运围绕。第 0494 号粉丝祝福送达！,,
0495,image,手绘投稿 0495,这是一张粉丝投稿图片示例。,https://picsum.photos/seed/ll-0495/960/540,
0496,image,手绘投稿 0496,这是一张粉丝投稿图片示例。,https://picsum.photos/seed/ll-0496/960/540,
0497,image,手绘投稿 0497,这是一张粉丝投稿图片示例。,https://picsum.photos/seed/ll-0497/960/540,
0498,audio,语音祝福 0498,这里是粉丝语音祝福示例。,https://interactive-examples.mdn.mozilla.net/media/cc0-audio/t-rex-roar.mp3,
0499,video,视频祝福 0499,这里是粉丝视频祝福示例。,https://interactive-examples.mdn.mozilla.net/media/cc0-videos/flower.mp4,
0500,text,生日祝福 0500,Hi 恋恋宝贝，愿你每天都被爱与好运围绕。第 0500 号粉丝祝福送达！,,
0501,text,生日祝福 0501,Hi 恋恋宝贝，愿你每天都被爱与好运围绕。第 0501 号粉丝祝福送达！,,
0502,text,生日祝福 0502,Hi 恋恋宝贝，愿你每天都被爱与好运围绕。第 0502 号粉丝祝福送达！,,
0503,text,生日祝福 0503,Hi 恋恋宝贝，愿你每天都被爱与好运围绕。第 0503 号粉丝祝福送达！,,
0504,text,生日祝福 0504,Hi 恋恋宝贝，愿你每天都被爱与好运围绕。第 0504 号粉丝祝福送达！,,
0505,image,手绘投稿 0505,这是一张粉丝投稿图片示例。,https://picsum.photos/seed/ll-0505/960/540,
0506,image,手绘投稿 0506,这是一张粉丝投稿图片示例。,https://picsum.photos/seed/ll-0506/960/540,
0507,image,手绘投稿 0507,这是一张粉丝投稿图片示例。,https://picsum.photos/seed/ll-0507/960/540,
0508,audio,语音祝福 0508,这里是粉丝语音祝福示例。,https://interactive-examples.mdn.mozilla.net/media/cc0-audio/t-rex-roar.mp3,
0509,video,视频祝福 0509,这里是粉丝视频祝福示例。,https://interactive-examples.mdn.mozilla.net/media/cc0-videos/flower.mp4,
0510,text,生日祝福 0510,Hi 恋恋宝贝，愿你每天都被爱与好运围绕。第 0510 号粉丝祝福送达！,,
0511,text,生日祝福 0511,Hi 恋恋宝贝，愿你每天都被爱与好运围绕。第 0511 号粉丝祝福送达！,,
0512,text,生日祝福 0512,Hi 恋恋宝贝，愿你每天都被爱与好运围绕。第 0512 号粉丝祝福送达！,,
0513,text,生日祝福 0513,Hi 恋恋宝贝，愿你每天都被爱与好运围绕。第 0513 号粉丝祝福送达！,,
0514,text,生日祝福 0514,Hi 恋恋宝贝，愿你每天都被爱与好运围绕。第 0514 号粉丝祝福送达！,,
0515,image,手绘投稿 0515,这是一张粉丝投稿图片示例。,https://picsum.photos/seed/ll-0515/960/540,
0516,image,手绘投稿 0516,这是一张粉丝投稿图片示例。,https://picsum.photos/seed/ll-0516/960/540,
0517,image,手绘投稿 0517,这是一张粉丝投稿图片示例。,https://picsum.photos/seed/ll-0517/960/540,
0518,audio,语音祝福 0518,这里是粉丝语音祝福示例。,https://interactive-examples.mdn.mozilla.net/media/cc0-audio/t-rex-roar.mp3,
0519,video,视频祝福 0519,这里是粉丝视频祝福示例。,https://interactive-examples.mdn.mozilla.net/media/cc0-videos/flower.mp4,
0520,text,生日祝福 0520,Hi 恋恋宝贝，愿你每天都被爱与好运围绕。第 0520 号粉丝祝福送达！,,
0521,text,生日祝福 0521,Hi 恋恋宝贝，愿你每天都被爱与好运围绕。第 0521 号粉丝祝福送达！,,
0522,text,生日祝福 0522,Hi 恋恋宝贝，愿你每天都被爱与好运围绕。第 0522 号粉丝祝福送达！,,
0523,text,生日祝福 0523,Hi 恋恋宝贝，愿你每天都被爱与好运围绕。第 0523 号粉丝祝福送达！,,
0524,text,生日祝福 0524,Hi 恋恋宝贝，愿你每天都被爱与好运围绕。第 0524 号粉丝祝福送达！,,
0525,image,手绘投稿 0525,这是一张粉丝投稿图片示例。,https://picsum.photos/seed/ll-0525/960/540,
0526,image,手绘投稿 0526,这是一张粉丝投稿图片示例。,https://picsum.photos/seed/ll-0526/960/540,
0527,image,手绘投稿 0527,这是一张粉丝投稿图片示例。,https://picsum.photos/seed/ll-0527/960/540,
0528,audio,语音祝福 0528,这里是粉丝语音祝福示例。,https://interactive-examples.mdn.mozilla.net/media/cc0-audio/t-rex-roar.mp3,
0529,video,视频祝福 0529,这里是粉丝视频祝福示例。,https://interactive-examples.mdn.mozilla.net/media/cc0-videos/flower.mp4,
0530,text,生日祝福 0530,Hi 恋恋宝贝，愿你每天都被爱与好运围绕。第 0530 号粉丝祝福送达！,,
0531,text,生日祝福 0531,Hi 恋恋宝贝，愿你每天都被爱与好运围绕。第 0531 号粉丝祝福送达！,,
0532,text,生日祝福 0532,Hi 恋恋宝贝，愿你每天都被爱与好运围绕。第 0532 号粉丝祝福送达！,,
0533,text,生日祝福 0533,Hi 恋恋宝贝，愿你每天都被爱与好运围绕。第 0533 号粉丝祝福送达！,,
0534,text,生日祝福 0534,Hi 恋恋宝贝，愿你每天都被爱与好运围绕。第 0534 号粉丝祝福送达！,,
0535,image,手绘投稿 0535,这是一张粉丝投稿图片示例。,https://picsum.photos/seed/ll-0535/960/540,
0536,image,手绘投稿 0536,这是一张粉丝投稿图片示例。,https://picsum.photos/seed/ll-0536/960/540,
0537,image,手绘投稿 0537,这是一张粉丝投稿图片示例。,https://picsum.photos/seed/ll-0537/960/540,
0538,audio,语音祝福 0538,这里是粉丝语音祝福示例。,https://interactive-examples.mdn.mozilla.net/media/cc0-audio/t-rex-roar.mp3,
0539,video,视频祝福 0539,这里是粉丝视频祝福示例。,https://interactive-examples.mdn.mozilla.net/media/cc0-videos/flower.mp4,
0540,text,生日祝福 0540,Hi 恋恋宝贝，愿你每天都被爱与好运围绕。第 0540 号粉丝祝福送达！,,
0541,text,生日祝福 0541,Hi 恋恋宝贝，愿你每天都被爱与好运围绕。第 0541 号粉丝祝福送达！,,
0542,text,生日祝福 0542,Hi 恋恋宝贝，愿你每天都被爱与好运围绕。第 0542 号粉丝祝福送达！,,
0543,text,生日祝福 0543,Hi 恋恋宝贝，愿你每天都被爱与好运围绕。第 0543 号粉丝祝福送达！,,
0544,text,生日祝福 0544,Hi 恋恋宝贝，愿你每天都被爱与好运围绕。第 0544 号粉丝祝福送达！,,
0545,image,手绘投稿 0545,这是一张粉丝投稿图片示例。,https://picsum.photos/seed/ll-0545/960/540,
0546,image,手绘投稿 0546,这是一张粉丝投稿图片示例。,https://picsum.photos/seed/ll-0546/960/540,
0547,image,手绘投稿 0547,这是一张粉丝投稿图片示例。,https://picsum.photos/seed/ll-0547/960/540,
0548,audio,语音祝福 0548,这里是粉丝语音祝福示例。,https://interactive-examples.mdn.mozilla.net/media/cc0-audio/t-rex-roar.mp3,
0549,video,视频祝福 0549,这里是粉丝视频祝福示例。,https://interactive-examples.mdn.mozilla.net/media/cc0-videos/flower.mp4,
0550,text,生日祝福 0550,Hi 恋恋宝贝，愿你每天都被爱与好运围绕。第 0550 号粉丝祝福送达！,,
0551,text,生日祝福 0551,Hi 恋恋宝贝，愿你每天都被爱与好运围绕。第 0551 号粉丝祝福送达！,,
0552,text,生日祝福 0552,Hi 恋恋宝贝，愿你每天都被爱与好运围绕。第 0552 号粉丝祝福送达！,,
0553,text,生日祝福 0553,Hi 恋恋宝贝，愿你每天都被爱与好运围绕。第 0553 号粉丝祝福送达！,,
0554,text,生日祝福 0554,Hi 恋恋宝贝，愿你每天都被爱与好运围绕。第 0554 号粉丝祝福送达！,,
0555,image,手绘投稿 0555,这是一张粉丝投稿图片示例。,https://picsum.photos/seed/ll-0555/960/540,
0556,image,手绘投稿 0556,这是一张粉丝投稿图片示例。,https://picsum.photos/seed/ll-0556/960/540,
0557,image,手绘投稿 0557,这是一张粉丝投稿图片示例。,https://picsum.photos/seed/ll-0557/960/540,
0558,audio,语音祝福 0558,这里是粉丝语音祝福示例。,https://interactive-examples.mdn.mozilla.net/media/cc0-audio/t-rex-roar.mp3,
0559,video,视频祝福 0559,这里是粉丝视频祝福示例。,https://interactive-examples.mdn.mozilla.net/media/cc0-videos/flower.mp4,
0560,text,生日祝福 0560,Hi 恋恋宝贝，愿你每天都被爱与好运围绕。第 0560 号粉丝祝福送达！,,
0561,text,生日祝福 0561,Hi 恋恋宝贝，愿你每天都被爱与好运围绕。第 0561 号粉丝祝福送达！,,
0562,text,生日祝福 0562,Hi 恋恋宝贝，愿你每天都被爱与好运围绕。第 0562 号粉丝祝福送达！,,
0563,text,生日祝福 0563,Hi 恋恋宝贝，愿你每天都被爱与好运围绕。第 0563 号粉丝祝福送达！,,
0564,text,生日祝福 0564,Hi 恋恋宝贝，愿你每天都被爱与好运围绕。第 0564 号粉丝祝福送达！,,
0565,image,手绘投稿 0565,这是一张粉丝投稿图片示例。,https://picsum.photos/seed/ll-0565/960/540,
0566,image,手绘投稿 0566,这是一张粉丝投稿图片示例。,https://picsum.photos/seed/ll-0566/960/540,
0567,image,手绘投稿 0567,这是一张粉丝投稿图片示例。,https://picsum.photos/seed/ll-0567/960/540,
0568,audio,语音祝福 0568,这里是粉丝语音祝福示例。,https://interactive-examples.mdn.mozilla.net/media/cc0-audio/t-rex-roar.mp3,
0569,video,视频祝福 0569,这里是粉丝视频祝福示例。,https://interactive-examples.mdn.mozilla.net/media/cc0-videos/flower.mp4,
0570,text,生日祝福 0570,Hi 恋恋宝贝，愿你每天都被爱与好运围绕。第 0570 号粉丝祝福送达！,,
0571,text,生日祝福 0571,Hi 恋恋宝贝，愿你每天都被爱与好运围绕。第 0571 号粉丝祝福送达！,,
0572,text,生日祝福 0572,Hi 恋恋宝贝，愿你每天都被爱与好运围绕。第 0572 号粉丝祝福送达！,,
0573,text,生日祝福 0573,Hi 恋恋宝贝，愿你每天都被爱与好运围绕。第 0573 号粉丝祝福送达！,,
0574,text,生日祝福 0574,Hi 恋恋宝贝，愿你每天都被爱与好运围绕。第 0574 号粉丝祝福送达！,,
0575,image,手绘投稿 0575,这是一张粉丝投稿图片示例。,https://picsum.photos/seed/ll-0575/960/540,
0576,image,手绘投稿 0576,这是一张粉丝投稿图片示例。,https://picsum.photos/seed/ll-0576/960/540,
0577,image,手绘投稿 0577,这是一张粉丝投稿图片示例。,https://picsum.photos/seed/ll-0577/960/540,
0578,audio,语音祝福 0578,这里是粉丝语音祝福示例。,https://interactive-examples.mdn.mozilla.net/media/cc0-audio/t-rex-roar.mp3,
0579,video,视频祝福 0579,这里是粉丝视频祝福示例。,https://interactive-examples.mdn.mozilla.net/media/cc0-videos/flower.mp4,
0580,text,生日祝福 0580,Hi 恋恋宝贝，愿你每天都被爱与好运围绕。第 0580 号粉丝祝福送达！,,
0581,text,生日祝福 0581,Hi 恋恋宝贝，愿你每天都被爱与好运围绕。第 0581 号粉丝祝福送达！,,
0582,text,生日祝福 0582,Hi 恋恋宝贝，愿你每天都被爱与好运围绕。第 0582 号粉丝祝福送达！,,
0583,text,生日祝福 0583,Hi 恋恋宝贝，愿你每天都被爱与好运围绕。第 0583 号粉丝祝福送达！,,
0584,text,生日祝福 0584,Hi 恋恋宝贝，愿你每天都被爱与好运围绕。第 0584 号粉丝祝福送达！,,
0585,image,手绘投稿 0585,这是一张粉丝投稿图片示例。,https://picsum.photos/seed/ll-0585/960/540,
0586,image,手绘投稿 0586,这是一张粉丝投稿图片示例。,https://picsum.photos/seed/ll-0586/960/540,
0587,image,手绘投稿 0587,这是一张粉丝投稿图片示例。,https://picsum.photos/seed/ll-0587/960/540,
0588,audio,语音祝福 0588,这里是粉丝语音祝福示例。,https://interactive-examples.mdn.mozilla.net/media/cc0-audio/t-rex-roar.mp3,
0589,video,视频祝福 0589,这里是粉丝视频祝福示例。,https://interactive-examples.mdn.mozilla.net/media/cc0-videos/flower.mp4,
0590,text,生日祝福 0590,Hi 恋恋宝贝，愿你每天都被爱与好运围绕。第 0590 号粉丝祝福送达！,,
0591,text,生日祝福 0591,Hi 恋恋宝贝，愿你每天都被爱与好运围绕。第 0591 号粉丝祝福送达！,,
0592,text,生日祝福 0592,Hi 恋恋宝贝，愿你每天都被爱与好运围绕。第 0592 号粉丝祝福送达！,,
0593,text,生日祝福 0593,Hi 恋恋宝贝，愿你每天都被爱与好运围绕。第 0593 号粉丝祝福送达！,,
0594,text,生日祝福 0594,Hi 恋恋宝贝，愿你每天都被爱与好运围绕。第 0594 号粉丝祝福送达！,,
0595,image,手绘投稿 0595,这是一张粉丝投稿图片示例。,https://picsum.photos/seed/ll-0595/960/540,
0596,image,手绘投稿 0596,这是一张粉丝投稿图片示例。,https://picsum.photos/seed/ll-0596/960/540,
0597,image,手绘投稿 0597,这是一张粉丝投稿图片示例。,https://picsum.photos/seed/ll-0597/960/540,
0598,audio,语音祝福 0598,这里是粉丝语音祝福示例。,https://interactive-examples.mdn.mozilla.net/media/cc0-audio/t-rex-roar.mp3,
0599,video,视频祝福 0599,这里是粉丝视频祝福示例。,https://interactive-examples.mdn.mozilla.net/media/cc0-videos/flower.mp4,
0600,text,生日祝福 0600,Hi 恋恋宝贝，愿你每天都被爱与好运围绕。第 0600 号粉丝祝福送达！,,
0601,text,生日祝福 0601,Hi 恋恋宝贝，愿你每天都被爱与好运围绕。第 0601 号粉丝祝福送达！,,
0602,text,生日祝福 0602,Hi 恋恋宝贝，愿你每天都被爱与好运围绕。第 0602 号粉丝祝福送达！,,
0603,text,生日祝福 0603,Hi 恋恋宝贝，愿你每天都被爱与好运围绕。第 0603 号粉丝祝福送达！,,
0604,text,生日祝福 0604,Hi 恋恋宝贝，愿你每天都被爱与好运围绕。第 0604 号粉丝祝福送达！,,
0605,image,手绘投稿 0605,这是一张粉丝投稿图片示例。,https://picsum.photos/seed/ll-0605/960/540,
0606,image,手绘投稿 0606,这是一张粉丝投稿图片示例。,https://picsum.photos/seed/ll-0606/960/540,
0607,image,手绘投稿 0607,这是一张粉丝投稿图片示例。,https://picsum.photos/seed/ll-0607/960/540,
0608,audio,语音祝福 0608,这里是粉丝语音祝福示例。,https://interactive-examples.mdn.mozilla.net/media/cc0-audio/t-rex-roar.mp3,
0609,video,视频祝福 0609,这里是粉丝视频祝福示例。,https://interactive-examples.mdn.mozilla.net/media/cc0-videos/flower.mp4,
0610,text,生日祝福 0610,Hi 恋恋宝贝，愿你每天都被爱与好运围绕。第 0610 号粉丝祝福送达！,,
0611,text,生日祝福 0611,Hi 恋恋宝贝，愿你每天都被爱与好运围绕。第 0611 号粉丝祝福送达！,,
0612,text,生日祝福 0612,Hi 恋恋宝贝，愿你每天都被爱与好运围绕。第 0612 号粉丝祝福送达！,,
0613,text,生日祝福 0613,Hi 恋恋宝贝，愿你每天都被爱与好运围绕。第 0613 号粉丝祝福送达！,,
0614,text,生日祝福 0614,Hi 恋恋宝贝，愿你每天都被爱与好运围绕。第 0614 号粉丝祝福送达！,,
0615,image,手绘投稿 0615,这是一张粉丝投稿图片示例。,https://picsum.photos/seed/ll-0615/960/540,
0616,image,手绘投稿 0616,这是一张粉丝投稿图片示例。,https://picsum.photos/seed/ll-0616/960/540,
0617,image,手绘投稿 0617,这是一张粉丝投稿图片示例。,https://picsum.photos/seed/ll-0617/960/540,
0618,audio,语音祝福 0618,这里是粉丝语音祝福示例。,https://interactive-examples.mdn.mozilla.net/media/cc0-audio/t-rex-roar.mp3,
0619,video,视频祝福 0619,这里是粉丝视频祝福示例。,https://interactive-examples.mdn.mozilla.net/media/cc0-videos/flower.mp4,
0620,text,生日祝福 0620,Hi 恋恋宝贝，愿你每天都被爱与好运围绕。第 0620 号粉丝祝福送达！,,
0621,text,生日祝福 0621,Hi 恋恋宝贝，愿你每天都被爱与好运围绕。第 0621 号粉丝祝福送达！,,
0622,text,生日祝福 0622,Hi 恋恋宝贝，愿你每天都被爱与好运围绕。第 0622 号粉丝祝福送达！,,
0623,text,生日祝福 0623,Hi 恋恋宝贝，愿你每天都被爱与好运围绕。第 0623 号粉丝祝福送达！,,
0624,text,生日祝福 0624,Hi 恋恋宝贝，愿你每天都被爱与好运围绕。第 0624 号粉丝祝福送达！,,
0625,image,手绘投稿 0625,这是一张粉丝投稿图片示例。,https://picsum.photos/seed/ll-0625/960/540,
0626,image,手绘投稿 0626,这是一张粉丝投稿图片示例。,https://picsum.photos/seed/ll-0626/960/540,
0627,image,手绘投稿 0627,这是一张粉丝投稿图片示例。,https://picsum.photos/seed/ll-0627/960/540,
0628,audio,语音祝福 0628,这里是粉丝语音祝福示例。,https://interactive-examples.mdn.mozilla.net/media/cc0-audio/t-rex-roar.mp3,
0629,video,视频祝福 0629,这里是粉丝视频祝福示例。,https://interactive-examples.mdn.mozilla.net/media/cc0-videos/flower.mp4,
0630,text,生日祝福 0630,Hi 恋恋宝贝，愿你每天都被爱与好运围绕。第 0630 号粉丝祝福送达！,,
0631,text,生日祝福 0631,Hi 恋恋宝贝，愿你每天都被爱与好运围绕。第 0631 号粉丝祝福送达！,,
0632,text,生日祝福 0632,Hi 恋恋宝贝，愿你每天都被爱与好运围绕。第 0632 号粉丝祝福送达！,,
0633,text,生日祝福 0633,Hi 恋恋宝贝，愿你每天都被爱与好运围绕。第 0633 号粉丝祝福送达！,,
0634,text,生日祝福 0634,Hi 恋恋宝贝，愿你每天都被爱与好运围绕。第 0634 号粉丝祝福送达！,,
0635,image,手绘投稿 0635,这是一张粉丝投稿图片示例。,https://picsum.photos/seed/ll-0635/960/540,
0636,image,手绘投稿 0636,这是一张粉丝投稿图片示例。,https://picsum.photos/seed/ll-0636/960/540,
0637,image,手绘投稿 0637,这是一张粉丝投稿图片示例。,https://picsum.photos/seed/ll-0637/960/540,
0638,audio,语音祝福 0638,这里是粉丝语音祝福示例。,https://interactive-examples.mdn.mozilla.net/media/cc0-audio/t-rex-roar.mp3,
0639,video,视频祝福 0639,这里是粉丝视频祝福示例。,https://interactive-examples.mdn.mozilla.net/media/cc0-videos/flower.mp4,
0640,text,生日祝福 0640,Hi 恋恋宝贝，愿你每天都被爱与好运围绕。第 0640 号粉丝祝福送达！,,
0641,text,生日祝福 0641,Hi 恋恋宝贝，愿你每天都被爱与好运围绕。第 0641 号粉丝祝福送达！,,
0642,text,生日祝福 0642,Hi 恋恋宝贝，愿你每天都被爱与好运围绕。第 0642 号粉丝祝福送达！,,
0643,text,生日祝福 0643,Hi 恋恋宝贝，愿你每天都被爱与好运围绕。第 0643 号粉丝祝福送达！,,
0644,text,生日祝福 0644,Hi 恋恋宝贝，愿你每天都被爱与好运围绕。第 0644 号粉丝祝福送达！,,
0645,image,手绘投稿 0645,这是一张粉丝投稿图片示例。,https://picsum.photos/seed/ll-0645/960/540,
0646,image,手绘投稿 0646,这是一张粉丝投稿图片示例。,https://picsum.photos/seed/ll-0646/960/540,
0647,image,手绘投稿 0647,这是一张粉丝投稿图片示例。,https://picsum.photos/seed/ll-0647/960/540,
0648,audio,语音祝福 0648,这里是粉丝语音祝福示例。,https://interactive-examples.mdn.mozilla.net/media/cc0-audio/t-rex-roar.mp3,
0649,video,视频祝福 0649,这里是粉丝视频祝福示例。,https://interactive-examples.mdn.mozilla.net/media/cc0-videos/flower.mp4,
0650,text,生日祝福 0650,Hi 恋恋宝贝，愿你每天都被爱与好运围绕。第 0650 号粉丝祝福送达！,,
0651,text,生日祝福 0651,Hi 恋恋宝贝，愿你每天都被爱与好运围绕。第 0651 号粉丝祝福送达！,,
0652,text,生日祝福 0652,Hi 恋恋宝贝，愿你每天都被爱与好运围绕。第 0652 号粉丝祝福送达！,,
0653,text,生日祝福 0653,Hi 恋恋宝贝，愿你每天都被爱与好运围绕。第 0653 号粉丝祝福送达！,,
0654,text,生日祝福 0654,Hi 恋恋宝贝，愿你每天都被爱与好运围绕。第 0654 号粉丝祝福送达！,,
0655,image,手绘投稿 0655,这是一张粉丝投稿图片示例。,https://picsum.photos/seed/ll-0655/960/540,
0656,image,手绘投稿 0656,这是一张粉丝投稿图片示例。,https://picsum.photos/seed/ll-0656/960/540,
0657,image,手绘投稿 0657,这是一张粉丝投稿图片示例。,https://picsum.photos/seed/ll-0657/960/540,
0658,audio,语音祝福 0658,这里是粉丝语音祝福示例。,https://interactive-examples.mdn.mozilla.net/media/cc0-audio/t-rex-roar.mp3,
0659,video,视频祝福 0659,这里是粉丝视频祝福示例。,https://interactive-examples.mdn.mozilla.net/media/cc0-videos/flower.mp4,
0660,text,生日祝福 0660,Hi 恋恋宝贝，愿你每天都被爱与好运围绕。第 0660 号粉丝祝福送达！,,
0661,text,生日祝福 0661,Hi 恋恋宝贝，愿你每天都被爱与好运围绕。第 0661 号粉丝祝福送达！,,
0662,text,生日祝福 0662,Hi 恋恋宝贝，愿你每天都被爱与好运围绕。第 0662 号粉丝祝福送达！,,
0663,text,生日祝福 0663,Hi 恋恋宝贝，愿你每天都被爱与好运围绕。第 0663 号粉丝祝福送达！,,
0664,text,生日祝福 0664,Hi 恋恋宝贝，愿你每天都被爱与好运围绕。第 0664 号粉丝祝福送达！,,
0665,image,手绘投稿 0665,这是一张粉丝投稿图片示例。,https://picsum.photos/seed/ll-0665/960/540,
0666,image,手绘投稿 0666,这是一张粉丝投稿图片示例。,https://picsum.photos/seed/ll-0666/960/540,
0667,image,手绘投稿 0667,这是一张粉丝投稿图片示例。,https://picsum.photos/seed/ll-0667/960/540,
0668,audio,语音祝福 0668,这里是粉丝语音祝福示例。,https://interactive-examples.mdn.mozilla.net/media/cc0-audio/t-rex-roar.mp3,
0669,video,视频祝福 0669,这里是粉丝视频祝福示例。,https://interactive-examples.mdn.mozilla.net/media/cc0-videos/flower.mp4,
0670,text,生日祝福 0670,Hi 恋恋宝贝，愿你每天都被爱与好运围绕。第 0670 号粉丝祝福送达！,,
0671,text,生日祝福 0671,Hi 恋恋宝贝，愿你每天都被爱与好运围绕。第 0671 号粉丝祝福送达！,,
0672,text,生日祝福 0672,Hi 恋恋宝贝，愿你每天都被爱与好运围绕。第 0672 号粉丝祝福送达！,,
0673,text,生日祝福 0673,Hi 恋恋宝贝，愿你每天都被爱与好运围绕。第 0673 号粉丝祝福送达！,,
0674,text,生日祝福 0674,Hi 恋恋宝贝，愿你每天都被爱与好运围绕。第 0674 号粉丝祝福送达！,,
0675,image,手绘投稿 0675,这是一张粉丝投稿图片示例。,https://picsum.photos/seed/ll-0675/960/540,
0676,image,手绘投稿 0676,这是一张粉丝投稿图片示例。,https://picsum.photos/seed/ll-0676/960/540,
0677,image,手绘投稿 0677,这是一张粉丝投稿图片示例。,https://picsum.photos/seed/ll-0677/960/540,
0678,audio,语音祝福 0678,这里是粉丝语音祝福示例。,https://interactive-examples.mdn.mozilla.net/media/cc0-audio/t-rex-roar.mp3,
0679,video,视频祝福 0679,这里是粉丝视频祝福示例。,https://interactive-examples.mdn.mozilla.net/media/cc0-videos/flower.mp4,
0680,text,生日祝福 0680,Hi 恋恋宝贝，愿你每天都被爱与好运围绕。第 0680 号粉丝祝福送达！,,
0681,text,生日祝福 0681,Hi 恋恋宝贝，愿你每天都被爱与好运围绕。第 0681 号粉丝祝福送达！,,
0682,text,生日祝福 0682,Hi 恋恋宝贝，愿你每天都被爱与好运围绕。第 0682 号粉丝祝福送达！,,
0683,text,生日祝福 0683,Hi 恋恋宝贝，愿你每天都被爱与好运围绕。第 0683 号粉丝祝福送达！,,
0684,text,生日祝福 0684,Hi 恋恋宝贝，愿你每天都被爱与好运围绕。第 0684 号粉丝祝福送达！,,
0685,image,手绘投稿 0685,这是一张粉丝投稿图片示例。,https://picsum.photos/seed/ll-0685/960/540,
0686,image,手绘投稿 0686,这是一张粉丝投稿图片示例。,https://picsum.photos/seed/ll-0686/960/540,
0687,image,手绘投稿 0687,这是一张粉丝投稿图片示例。,https://picsum.photos/seed/ll-0687/960/540,
0688,audio,语音祝福 0688,这里是粉丝语音祝福示例。,https://interactive-examples.mdn.mozilla.net/media/cc0-audio/t-rex-roar.mp3,
0689,video,视频祝福 0689,这里是粉丝视频祝福示例。,https://interactive-examples.mdn.mozilla.net/media/cc0-videos/flower.mp4,
0690,text,生日祝福 0690,Hi 恋恋宝贝，愿你每天都被爱与好运围绕。第 0690 号粉丝祝福送达！,,
0691,text,生日祝福 0691,Hi 恋恋宝贝，愿你每天都被爱与好运围绕。第 0691 号粉丝祝福送达！,,
0692,text,生日祝福 0692,Hi 恋恋宝贝，愿你每天都被爱与好运围绕。第 0692 号粉丝祝福送达！,,
0693,text,生日祝福 0693,Hi 恋恋宝贝，愿你每天都被爱与好运围绕。第 0693 号粉丝祝福送达！,,
0694,text,生日祝福 0694,Hi 恋恋宝贝，愿你每天都被爱与好运围绕。第 0694 号粉丝祝福送达！,,
0695,image,手绘投稿 0695,这是一张粉丝投稿图片示例。,https://picsum.photos/seed/ll-0695/960/540,
0696,image,手绘投稿 0696,这是一张粉丝投稿图片示例。,https://picsum.photos/seed/ll-0696/960/540,
0697,image,手绘投稿 0697,这是一张粉丝投稿图片示例。,https://picsum.photos/seed/ll-0697/960/540,
0698,audio,语音祝福 0698,这里是粉丝语音祝福示例。,https://interactive-examples.mdn.mozilla.net/media/cc0-audio/t-rex-roar.mp3,
0699,video,视频祝福 0699,这里是粉丝视频祝福示例。,https://interactive-examples.mdn.mozilla.net/media/cc0-videos/flower.mp4,
0700,text,生日祝福 0700,Hi 恋恋宝贝，愿你每天都被爱与好运围绕。第 0700 号粉丝祝福送达！,,
0701,text,生日祝福 0701,Hi 恋恋宝贝，愿你每天都被爱与好运围绕。第 0701 号粉丝祝福送达！,,
0702,text,生日祝福 0702,Hi 恋恋宝贝，愿你每天都被爱与好运围绕。第 0702 号粉丝祝福送达！,,
0703,text,生日祝福 0703,Hi 恋恋宝贝，愿你每天都被爱与好运围绕。第 0703 号粉丝祝福送达！,,
0704,text,生日祝福 0704,Hi 恋恋宝贝，愿你每天都被爱与好运围绕。第 0704 号粉丝祝福送达！,,
0705,image,手绘投稿 0705,这是一张粉丝投稿图片示例。,https://picsum.photos/seed/ll-0705/960/540,
0706,image,手绘投稿 0706,这是一张粉丝投稿图片示例。,https://picsum.photos/seed/ll-0706/960/540,
0707,image,手绘投稿 0707,这是一张粉丝投稿图片示例。,https://picsum.photos/seed/ll-0707/960/540,
0708,audio,语音祝福 0708,这里是粉丝语音祝福示例。,https://interactive-examples.mdn.mozilla.net/media/cc0-audio/t-rex-roar.mp3,
0709,video,视频祝福 0709,这里是粉丝视频祝福示例。,https://interactive-examples.mdn.mozilla.net/media/cc0-videos/flower.mp4,
0710,text,生日祝福 0710,Hi 恋恋宝贝，愿你每天都被爱与好运围绕。第 0710 号粉丝祝福送达！,,
0711,text,生日祝福 0711,Hi 恋恋宝贝，愿你每天都被爱与好运围绕。第 0711 号粉丝祝福送达！,,
0712,text,生日祝福 0712,Hi 恋恋宝贝，愿你每天都被爱与好运围绕。第 0712 号粉丝祝福送达！,,
0713,text,生日祝福 0713,Hi 恋恋宝贝，愿你每天都被爱与好运围绕。第 0713 号粉丝祝福送达！,,
0714,text,生日祝福 0714,Hi 恋恋宝贝，愿你每天都被爱与好运围绕。第 0714 号粉丝祝福送达！,,
0715,image,手绘投稿 0715,这是一张粉丝投稿图片示例。,https://picsum.photos/seed/ll-0715/960/540,
0716,image,手绘投稿 0716,这是一张粉丝投稿图片示例。,https://picsum.photos/seed/ll-0716/960/540,
0717,image,手绘投稿 0717,这是一张粉丝投稿图片示例。,https://picsum.photos/seed/ll-0717/960/540,
0718,audio,语音祝福 0718,这里是粉丝语音祝福示例。,https://interactive-examples.mdn.mozilla.net/media/cc0-audio/t-rex-roar.mp3,
0719,video,视频祝福 0719,这里是粉丝视频祝福示例。,https://interactive-examples.mdn.mozilla.net/media/cc0-videos/flower.mp4,
0720,text,生日祝福 0720,Hi 恋恋宝贝，愿你每天都被爱与好运围绕。第 0720 号粉丝祝福送达！,,
0721,text,生日祝福 0721,Hi 恋恋宝贝，愿你每天都被爱与好运围绕。第 0721 号粉丝祝福送达！,,
0722,text,生日祝福 0722,Hi 恋恋宝贝，愿你每天都被爱与好运围绕。第 0722 号粉丝祝福送达！,,
0723,text,生日祝福 0723,Hi 恋恋宝贝，愿你每天都被爱与好运围绕。第 0723 号粉丝祝福送达！,,
0724,text,生日祝福 0724,Hi 恋恋宝贝，愿你每天都被爱与好运围绕。第 0724 号粉丝祝福送达！,,
0725,image,手绘投稿 0725,这是一张粉丝投稿图片示例。,https://picsum.photos/seed/ll-0725/960/540,
0726,image,手绘投稿 0726,这是一张粉丝投稿图片示例。,https://picsum.photos/seed/ll-0726/960/540,
0727,image,手绘投稿 0727,这是一张粉丝投稿图片示例。,https://picsum.photos/seed/ll-0727/960/540,
0728,audio,语音祝福 0728,这里是粉丝语音祝福示例。,https://interactive-examples.mdn.mozilla.net/media/cc0-audio/t-rex-roar.mp3,
0729,video,视频祝福 0729,这里是粉丝视频祝福示例。,https://interactive-examples.mdn.mozilla.net/media/cc0-videos/flower.mp4,
0730,text,生日祝福 0730,Hi 恋恋宝贝，愿你每天都被爱与好运围绕。第 0730 号粉丝祝福送达！,,
0731,text,生日祝福 0731,Hi 恋恋宝贝，愿你每天都被爱与好运围绕。第 0731 号粉丝祝福送达！,,
0732,text,生日祝福 0732,Hi 恋恋宝贝，愿你每天都被爱与好运围绕。第 0732 号粉丝祝福送达！,,
0733,text,生日祝福 0733,Hi 恋恋宝贝，愿你每天都被爱与好运围绕。第 0733 号粉丝祝福送达！,,
0734,text,生日祝福 0734,Hi 恋恋宝贝，愿你每天都被爱与好运围绕。第 0734 号粉丝祝福送达！,,
0735,image,手绘投稿 0735,这是一张粉丝投稿图片示例。,https://picsum.photos/seed/ll-0735/960/540,
0736,image,手绘投稿 0736,这是一张粉丝投稿图片示例。,https://picsum.photos/seed/ll-0736/960/540,
0737,image,手绘投稿 0737,这是一张粉丝投稿图片示例。,https://picsum.photos/seed/ll-0737/960/540,
0738,audio,语音祝福 0738,这里是粉丝语音祝福示例。,https://interactive-examples.mdn.mozilla.net/media/cc0-audio/t-rex-roar.mp3,
0739,video,视频祝福 0739,这里是粉丝视频祝福示例。,https://interactive-examples.mdn.mozilla.net/media/cc0-videos/flower.mp4,
0740,text,生日祝福 0740,Hi 恋恋宝贝，愿你每天都被爱与好运围绕。第 0740 号粉丝祝福送达！,,
0741,text,生日祝福 0741,Hi 恋恋宝贝，愿你每天都被爱与好运围绕。第 0741 号粉丝祝福送达！,,
0742,text,生日祝福 0742,Hi 恋恋宝贝，愿你每天都被爱与好运围绕。第 0742 号粉丝祝福送达！,,
0743,text,生日祝福 0743,Hi 恋恋宝贝，愿你每天都被爱与好运围绕。第 0743 号粉丝祝福送达！,,
0744,text,生日祝福 0744,Hi 恋恋宝贝，愿你每天都被爱与好运围绕。第 0744 号粉丝祝福送达！,,
0745,image,手绘投稿 0745,这是一张粉丝投稿图片示例。,https://picsum.photos/seed/ll-0745/960/540,
0746,image,手绘投稿 0746,这是一张粉丝投稿图片示例。,https://picsum.photos/seed/ll-0746/960/540,
0747,image,手绘投稿 0747,这是一张粉丝投稿图片示例。,https://picsum.photos/seed/ll-0747/960/540,
0748,audio,语音祝福 0748,这里是粉丝语音祝福示例。,https://interactive-examples.mdn.mozilla.net/media/cc0-audio/t-rex-roar.mp3,
0749,video,视频祝福 0749,这里是粉丝视频祝福示例。,https://interactive-examples.mdn.mozilla.net/media/cc0-videos/flower.mp4,
0750,text,生日祝福 0750,Hi 恋恋宝贝，愿你每天都被爱与好运围绕。第 0750 号粉丝祝福送达！,,
0751,text,生日祝福 0751,Hi 恋恋宝贝，愿你每天都被爱与好运围绕。第 0751 号粉丝祝福送达！,,
0752,text,生日祝福 0752,Hi 恋恋宝贝，愿你每天都被爱与好运围绕。第 0752 号粉丝祝福送达！,,
0753,text,生日祝福 0753,Hi 恋恋宝贝，愿你每天都被爱与好运围绕。第 0753 号粉丝祝福送达！,,
0754,text,生日祝福 0754,Hi 恋恋宝贝，愿你每天都被爱与好运围绕。第 0754 号粉丝祝福送达！,,
0755,image,手绘投稿 0755,这是一张粉丝投稿图片示例。,https://picsum.photos/seed/ll-0755/960/540,
0756,image,手绘投稿 0756,这是一张粉丝投稿图片示例。,https://picsum.photos/seed/ll-0756/960/540,
0757,image,手绘投稿 0757,这是一张粉丝投稿图片示例。,https://picsum.photos/seed/ll-0757/960/540,
0758,audio,语音祝福 0758,这里是粉丝语音祝福示例。,https://interactive-examples.mdn.mozilla.net/media/cc0-audio/t-rex-roar.mp3,
0759,video,视频祝福 0759,这里是粉丝视频祝福示例。,https://interactive-examples.mdn.mozilla.net/media/cc0-videos/flower.mp4,
0760,text,生日祝福 0760,Hi 恋恋宝贝，愿你每天都被爱与好运围绕。第 0760 号粉丝祝福送达！,,
0761,text,生日祝福 0761,Hi 恋恋宝贝，愿你每天都被爱与好运围绕。第 0761 号粉丝祝福送达！,,
0762,text,生日祝福 0762,Hi 恋恋宝贝，愿你每天都被爱与好运围绕。第 0762 号粉丝祝福送达！,,
0763,text,生日祝福 0763,Hi 恋恋宝贝，愿你每天都被爱与好运围绕。第 0763 号粉丝祝福送达！,,
0764,text,生日祝福 0764,Hi 恋恋宝贝，愿你每天都被爱与好运围绕。第 0764 号粉丝祝福送达！,,
0765,image,手绘投稿 0765,这是一张粉丝投稿图片示例。,https://picsum.photos/seed/ll-0765/960/540,
0766,image,手绘投稿 0766,这是一张粉丝投稿图片示例。,https://picsum.photos/seed/ll-0766/960/540,
0767,image,手绘投稿 0767,这是一张粉丝投稿图片示例。,https://picsum.photos/seed/ll-0767/960/540,
0768,audio,语音祝福 0768,这里是粉丝语音祝福示例。,https://interactive-examples.mdn.mozilla.net/media/cc0-audio/t-rex-roar.mp3,
0769,video,视频祝福 0769,这里是粉丝视频祝福示例。,https://interactive-examples.mdn.mozilla.net/media/cc0-videos/flower.mp4,
0770,text,生日祝福 0770,Hi 恋恋宝贝，愿你每天都被爱与好运围绕。第 0770 号粉丝祝福送达！,,
0771,text,生日祝福 0771,Hi 恋恋宝贝，愿你每天都被爱与好运围绕。第 0771 号粉丝祝福送达！,,
0772,text,生日祝福 0772,Hi 恋恋宝贝，愿你每天都被爱与好运围绕。第 0772 号粉丝祝福送达！,,
0773,text,生日祝福 0773,Hi 恋恋宝贝，愿你每天都被爱与好运围绕。第 0773 号粉丝祝福送达！,,
0774,text,生日祝福 0774,Hi 恋恋宝贝，愿你每天都被爱与好运围绕。第 0774 号粉丝祝福送达！,,
0775,image,手绘投稿 0775,这是一张粉丝投稿图片示例。,https://picsum.photos/seed/ll-0775/960/540,
0776,image,手绘投稿 0776,这是一张粉丝投稿图片示例。,https://picsum.photos/seed/ll-0776/960/540,
0777,image,手绘投稿 0777,这是一张粉丝投稿图片示例。,https://picsum.photos/seed/ll-0777/960/540,
0778,audio,语音祝福 0778,这里是粉丝语音祝福示例。,https://interactive-examples.mdn.mozilla.net/media/cc0-audio/t-rex-roar.mp3,
0779,video,视频祝福 0779,这里是粉丝视频祝福示例。,https://interactive-examples.mdn.mozilla.net/media/cc0-videos/flower.mp4,
0780,text,生日祝福 0780,Hi 恋恋宝贝，愿你每天都被爱与好运围绕。第 0780 号粉丝祝福送达！,,
0781,text,生日祝福 0781,Hi 恋恋宝贝，愿你每天都被爱与好运围绕。第 0781 号粉丝祝福送达！,,
0782,text,生日祝福 0782,Hi 恋恋宝贝，愿你每天都被爱与好运围绕。第 0782 号粉丝祝福送达！,,
0783,text,生日祝福 0783,Hi 恋恋宝贝，愿你每天都被爱与好运围绕。第 0783 号粉丝祝福送达！,,
0784,text,生日祝福 0784,Hi 恋恋宝贝，愿你每天都被爱与好运围绕。第 0784 号粉丝祝福送达！,,
0785,image,手绘投稿 0785,这是一张粉丝投稿图片示例。,https://picsum.photos/seed/ll-0785/960/540,
0786,image,手绘投稿 0786,这是一张粉丝投稿图片示例。,https://picsum.photos/seed/ll-0786/960/540,
0787,image,手绘投稿 0787,这是一张粉丝投稿图片示例。,https://picsum.photos/seed/ll-0787/960/540,
0788,audio,语音祝福 0788,这里是粉丝语音祝福示例。,https://interactive-examples.mdn.mozilla.net/media/cc0-audio/t-rex-roar.mp3,
0789,video,视频祝福 0789,这里是粉丝视频祝福示例。,https://interactive-examples.mdn.mozilla.net/media/cc0-videos/flower.mp4,
0790,text,生日祝福 0790,Hi 恋恋宝贝，愿你每天都被爱与好运围绕。第 0790 号粉丝祝福送达！,,
0791,text,生日祝福 0791,Hi 恋恋宝贝，愿你每天都被爱与好运围绕。第 0791 号粉丝祝福送达！,,
0792,text,生日祝福 0792,Hi 恋恋宝贝，愿你每天都被爱与好运围绕。第 0792 号粉丝祝福送达！,,
0793,text,生日祝福 0793,Hi 恋恋宝贝，愿你每天都被爱与好运围绕。第 0793 号粉丝祝福送达！,,
0794,text,生日祝福 0794,Hi 恋恋宝贝，愿你每天都被爱与好运围绕。第 0794 号粉丝祝福送达！,,
0795,image,手绘投稿 0795,这是一张粉丝投稿图片示例。,https://picsum.photos/seed/ll-0795/960/540,
0796,image,手绘投稿 0796,这是一张粉丝投稿图片示例。,https://picsum.photos/seed/ll-0796/960/540,
0797,image,手绘投稿 0797,这是一张粉丝投稿图片示例。,https://picsum.photos/seed/ll-0797/960/540,
0798,audio,语音祝福 0798,这里是粉丝语音祝福示例。,https://interactive-examples.mdn.mozilla.net/media/cc0-audio/t-rex-roar.mp3,
0799,video,视频祝福 0799,这里是粉丝视频祝福示例。,https://interactive-examples.mdn.mozilla.net/media/cc0-videos/flower.mp4,
0800,text,生日祝福 0800,Hi 恋恋宝贝，愿你每天都被爱与好运围绕。第 0800 号粉丝祝福送达！,,
0801,text,生日祝福 0801,Hi 恋恋宝贝，愿你每天都被爱与好运围绕。第 0801 号粉丝祝福送达！,,
0802,text,生日祝福 0802,Hi 恋恋宝贝，愿你每天都被爱与好运围绕。第 0802 号粉丝祝福送达！,,
0803,text,生日祝福 0803,Hi 恋恋宝贝，愿你每天都被爱与好运围绕。第 0803 号粉丝祝福送达！,,
0804,text,生日祝福 0804,Hi 恋恋宝贝，愿你每天都被爱与好运围绕。第 0804 号粉丝祝福送达！,,
0805,image,手绘投稿 0805,这是一张粉丝投稿图片示例。,https://picsum.photos/seed/ll-0805/960/540,
0806,image,手绘投稿 0806,这是一张粉丝投稿图片示例。,https://picsum.photos/seed/ll-0806/960/540,
0807,image,手绘投稿 0807,这是一张粉丝投稿图片示例。,https://picsum.photos/seed/ll-0807/960/540,
0808,audio,语音祝福 0808,这里是粉丝语音祝福示例。,https://interactive-examples.mdn.mozilla.net/media/cc0-audio/t-rex-roar.mp3,
0809,video,视频祝福 0809,这里是粉丝视频祝福示例。,https://interactive-examples.mdn.mozilla.net/media/cc0-videos/flower.mp4,
0810,text,生日祝福 0810,Hi 恋恋宝贝，愿你每天都被爱与好运围绕。第 0810 号粉丝祝福送达！,,
0811,text,生日祝福 0811,Hi 恋恋宝贝，愿你每天都被爱与好运围绕。第 0811 号粉丝祝福送达！,,
0812,text,生日祝福 0812,Hi 恋恋宝贝，愿你每天都被爱与好运围绕。第 0812 号粉丝祝福送达！,,
0813,text,生日祝福 0813,Hi 恋恋宝贝，愿你每天都被爱与好运围绕。第 0813 号粉丝祝福送达！,,
0814,text,生日祝福 0814,Hi 恋恋宝贝，愿你每天都被爱与好运围绕。第 0814 号粉丝祝福送达！,,
0815,image,手绘投稿 0815,这是一张粉丝投稿图片示例。,https://picsum.photos/seed/ll-0815/960/540,
0816,image,手绘投稿 0816,这是一张粉丝投稿图片示例。,https://picsum.photos/seed/ll-0816/960/540,
0817,image,手绘投稿 0817,这是一张粉丝投稿图片示例。,https://picsum.photos/seed/ll-0817/960/540,
0818,audio,语音祝福 0818,这里是粉丝语音祝福示例。,https://interactive-examples.mdn.mozilla.net/media/cc0-audio/t-rex-roar.mp3,
0819,video,视频祝福 0819,这里是粉丝视频祝福示例。,https://interactive-examples.mdn.mozilla.net/media/cc0-videos/flower.mp4,
0820,text,生日祝福 0820,Hi 恋恋宝贝，愿你每天都被爱与好运围绕。第 0820 号粉丝祝福送达！,,
0821,text,生日祝福 0821,Hi 恋恋宝贝，愿你每天都被爱与好运围绕。第 0821 号粉丝祝福送达！,,
0822,text,生日祝福 0822,Hi 恋恋宝贝，愿你每天都被爱与好运围绕。第 0822 号粉丝祝福送达！,,
0823,text,生日祝福 0823,Hi 恋恋宝贝，愿你每天都被爱与好运围绕。第 0823 号粉丝祝福送达！,,
0824,text,生日祝福 0824,Hi 恋恋宝贝，愿你每天都被爱与好运围绕。第 0824 号粉丝祝福送达！,,
0825,image,手绘投稿 0825,这是一张粉丝投稿图片示例。,https://picsum.photos/seed/ll-0825/960/540,
0826,image,手绘投稿 0826,这是一张粉丝投稿图片示例。,https://picsum.photos/seed/ll-0826/960/540,
0827,image,手绘投稿 0827,这是一张粉丝投稿图片示例。,https://picsum.photos/seed/ll-0827/960/540,
0828,audio,语音祝福 0828,这里是粉丝语音祝福示例。,https://interactive-examples.mdn.mozilla.net/media/cc0-audio/t-rex-roar.mp3,
0829,video,视频祝福 0829,这里是粉丝视频祝福示例。,https://interactive-examples.mdn.mozilla.net/media/cc0-videos/flower.mp4,
0830,text,生日祝福 0830,Hi 恋恋宝贝，愿你每天都被爱与好运围绕。第 0830 号粉丝祝福送达！,,
0831,text,生日祝福 0831,Hi 恋恋宝贝，愿你每天都被爱与好运围绕。第 0831 号粉丝祝福送达！,,
0832,text,生日祝福 0832,Hi 恋恋宝贝，愿你每天都被爱与好运围绕。第 0832 号粉丝祝福送达！,,
0833,text,生日祝福 0833,Hi 恋恋宝贝，愿你每天都被爱与好运围绕。第 0833 号粉丝祝福送达！,,
0834,text,生日祝福 0834,Hi 恋恋宝贝，愿你每天都被爱与好运围绕。第 0834 号粉丝祝福送达！,,
0835,image,手绘投稿 0835,这是一张粉丝投稿图片示例。,https://picsum.photos/seed/ll-0835/960/540,
0836,image,手绘投稿 0836,这是一张粉丝投稿图片示例。,https://picsum.photos/seed/ll-0836/960/540,
0837,image,手绘投稿 0837,这是一张粉丝投稿图片示例。,https://picsum.photos/seed/ll-0837/960/540,
0838,audio,语音祝福 0838,这里是粉丝语音祝福示例。,https://interactive-examples.mdn.mozilla.net/media/cc0-audio/t-rex-roar.mp3,
0839,video,视频祝福 0839,这里是粉丝视频祝福示例。,https://interactive-examples.mdn.mozilla.net/media/cc0-videos/flower.mp4,
0840,text,生日祝福 0840,Hi 恋恋宝贝，愿你每天都被爱与好运围绕。第 0840 号粉丝祝福送达！,,
0841,text,生日祝福 0841,Hi 恋恋宝贝，愿你每天都被爱与好运围绕。第 0841 号粉丝祝福送达！,,
0842,text,生日祝福 0842,Hi 恋恋宝贝，愿你每天都被爱与好运围绕。第 0842 号粉丝祝福送达！,,
0843,text,生日祝福 0843,Hi 恋恋宝贝，愿你每天都被爱与好运围绕。第 0843 号粉丝祝福送达！,,
0844,text,生日祝福 0844,Hi 恋恋宝贝，愿你每天都被爱与好运围绕。第 0844 号粉丝祝福送达！,,
0845,image,手绘投稿 0845,这是一张粉丝投稿图片示例。,https://picsum.photos/seed/ll-0845/960/540,
0846,image,手绘投稿 0846,这是一张粉丝投稿图片示例。,https://picsum.photos/seed/ll-0846/960/540,
0847,image,手绘投稿 0847,这是一张粉丝投稿图片示例。,https://picsum.photos/seed/ll-0847/960/540,
0848,audio,语音祝福 0848,这里是粉丝语音祝福示例。,https://interactive-examples.mdn.mozilla.net/media/cc0-audio/t-rex-roar.mp3,
0849,video,视频祝福 0849,这里是粉丝视频祝福示例。,https://interactive-examples.mdn.mozilla.net/media/cc0-videos/flower.mp4,
0850,text,生日祝福 0850,Hi 恋恋宝贝，愿你每天都被爱与好运围绕。第 0850 号粉丝祝福送达！,,
0851,text,生日祝福 0851,Hi 恋恋宝贝，愿你每天都被爱与好运围绕。第 0851 号粉丝祝福送达！,,
0852,text,生日祝福 0852,Hi 恋恋宝贝，愿你每天都被爱与好运围绕。第 0852 号粉丝祝福送达！,,
0853,text,生日祝福 0853,Hi 恋恋宝贝，愿你每天都被爱与好运围绕。第 0853 号粉丝祝福送达！,,
0854,text,生日祝福 0854,Hi 恋恋宝贝，愿你每天都被爱与好运围绕。第 0854 号粉丝祝福送达！,,
0855,image,手绘投稿 0855,这是一张粉丝投稿图片示例。,https://picsum.photos/seed/ll-0855/960/540,
0856,image,手绘投稿 0856,这是一张粉丝投稿图片示例。,https://picsum.photos/seed/ll-0856/960/540,
0857,image,手绘投稿 0857,这是一张粉丝投稿图片示例。,https://picsum.photos/seed/ll-0857/960/540,
0858,audio,语音祝福 0858,这里是粉丝语音祝福示例。,https://interactive-examples.mdn.mozilla.net/media/cc0-audio/t-rex-roar.mp3,
0859,video,视频祝福 0859,这里是粉丝视频祝福示例。,https://interactive-examples.mdn.mozilla.net/media/cc0-videos/flower.mp4,
0860,text,生日祝福 0860,Hi 恋恋宝贝，愿你每天都被爱与好运围绕。第 0860 号粉丝祝福送达！,,
0861,text,生日祝福 0861,Hi 恋恋宝贝，愿你每天都被爱与好运围绕。第 0861 号粉丝祝福送达！,,
0862,text,生日祝福 0862,Hi 恋恋宝贝，愿你每天都被爱与好运围绕。第 0862 号粉丝祝福送达！,,
0863,text,生日祝福 0863,Hi 恋恋宝贝，愿你每天都被爱与好运围绕。第 0863 号粉丝祝福送达！,,
0864,text,生日祝福 0864,Hi 恋恋宝贝，愿你每天都被爱与好运围绕。第 0864 号粉丝祝福送达！,,
0865,image,手绘投稿 0865,这是一张粉丝投稿图片示例。,https://picsum.photos/seed/ll-0865/960/540,
0866,image,手绘投稿 0866,这是一张粉丝投稿图片示例。,https://picsum.photos/seed/ll-0866/960/540,
0867,image,手绘投稿 0867,这是一张粉丝投稿图片示例。,https://picsum.photos/seed/ll-0867/960/540,
0868,audio,语音祝福 0868,这里是粉丝语音祝福示例。,https://interactive-examples.mdn.mozilla.net/media/cc0-audio/t-rex-roar.mp3,
0869,video,视频祝福 0869,这里是粉丝视频祝福示例。,https://interactive-examples.mdn.mozilla.net/media/cc0-videos/flower.mp4,
0870,text,生日祝福 0870,Hi 恋恋宝贝，愿你每天都被爱与好运围绕。第 0870 号粉丝祝福送达！,,
0871,text,生日祝福 0871,Hi 恋恋宝贝，愿你每天都被爱与好运围绕。第 0871 号粉丝祝福送达！,,
0872,text,生日祝福 0872,Hi 恋恋宝贝，愿你每天都被爱与好运围绕。第 0872 号粉丝祝福送达！,,
0873,text,生日祝福 0873,Hi 恋恋宝贝，愿你每天都被爱与好运围绕。第 0873 号粉丝祝福送达！,,
0874,text,生日祝福 0874,Hi 恋恋宝贝，愿你每天都被爱与好运围绕。第 0874 号粉丝祝福送达！,,
0875,image,手绘投稿 0875,这是一张粉丝投稿图片示例。,https://picsum.photos/seed/ll-0875/960/540,
0876,image,手绘投稿 0876,这是一张粉丝投稿图片示例。,https://picsum.photos/seed/ll-0876/960/540,
0877,image,手绘投稿 0877,这是一张粉丝投稿图片示例。,https://picsum.photos/seed/ll-0877/960/540,
0878,audio,语音祝福 0878,这里是粉丝语音祝福示例。,https://interactive-examples.mdn.mozilla.net/media/cc0-audio/t-rex-roar.mp3,
0879,video,视频祝福 0879,这里是粉丝视频祝福示例。,https://interactive-examples.mdn.mozilla.net/media/cc0-videos/flower.mp4,
0880,text,生日祝福 0880,Hi 恋恋宝贝，愿你每天都被爱与好运围绕。第 0880 号粉丝祝福送达！,,
0881,text,生日祝福 0881,Hi 恋恋宝贝，愿你每天都被爱与好运围绕。第 0881 号粉丝祝福送达！,,
0882,text,生日祝福 0882,Hi 恋恋宝贝，愿你每天都被爱与好运围绕。第 0882 号粉丝祝福送达！,,
0883,text,生日祝福 0883,Hi 恋恋宝贝，愿你每天都被爱与好运围绕。第 0883 号粉丝祝福送达！,,
0884,text,生日祝福 0884,Hi 恋恋宝贝，愿你每天都被爱与好运围绕。第 0884 号粉丝祝福送达！,,
0885,image,手绘投稿 0885,这是一张粉丝投稿图片示例。,https://picsum.photos/seed/ll-0885/960/540,
0886,image,手绘投稿 0886,这是一张粉丝投稿图片示例。,https://picsum.photos/seed/ll-0886/960/540,
0887,image,手绘投稿 0887,这是一张粉丝投稿图片示例。,https://picsum.photos/seed/ll-0887/960/540,
0888,audio,语音祝福 0888,这里是粉丝语音祝福示例。,https://interactive-examples.mdn.mozilla.net/media/cc0-audio/t-rex-roar.mp3,
0889,video,视频祝福 0889,这里是粉丝视频祝福示例。,https://interactive-examples.mdn.mozilla.net/media/cc0-videos/flower.mp4,
0890,text,生日祝福 0890,Hi 恋恋宝贝，愿你每天都被爱与好运围绕。第 0890 号粉丝祝福送达！,,
0891,text,生日祝福 0891,Hi 恋恋宝贝，愿你每天都被爱与好运围绕。第 0891 号粉丝祝福送达！,,
0892,text,生日祝福 0892,Hi 恋恋宝贝，愿你每天都被爱与好运围绕。第 0892 号粉丝祝福送达！,,
0893,text,生日祝福 0893,Hi 恋恋宝贝，愿你每天都被爱与好运围绕。第 0893 号粉丝祝福送达！,,
0894,text,生日祝福 0894,Hi 恋恋宝贝，愿你每天都被爱与好运围绕。第 0894 号粉丝祝福送达！,,
0895,image,手绘投稿 0895,这是一张粉丝投稿图片示例。,https://picsum.photos/seed/ll-0895/960/540,
0896,image,手绘投稿 0896,这是一张粉丝投稿图片示例。,https://picsum.photos/seed/ll-0896/960/540,
0897,image,手绘投稿 0897,这是一张粉丝投稿图片示例。,https://picsum.photos/seed/ll-0897/960/540,
0898,audio,语音祝福 0898,这里是粉丝语音祝福示例。,https://interactive-examples.mdn.mozilla.net/media/cc0-audio/t-rex-roar.mp3,
0899,video,视频祝福 0899,这里是粉丝视频祝福示例。,https://interactive-examples.mdn.mozilla.net/media/cc0-videos/flower.mp4,
0900,text,生日祝福 0900,Hi 恋恋宝贝，愿你每天都被爱与好运围绕。第 0900 号粉丝祝福送达！,,
0901,text,生日祝福 0901,Hi 恋恋宝贝，愿你每天都被爱与好运围绕。第 0901 号粉丝祝福送达！,,
0902,text,生日祝福 0902,Hi 恋恋宝贝，愿你每天都被爱与好运围绕。第 0902 号粉丝祝福送达！,,
0903,text,生日祝福 0903,Hi 恋恋宝贝，愿你每天都被爱与好运围绕。第 0903 号粉丝祝福送达！,,
0904,text,生日祝福 0904,Hi 恋恋宝贝，愿你每天都被爱与好运围绕。第 0904 号粉丝祝福送达！,,
0905,image,手绘投稿 0905,这是一张粉丝投稿图片示例。,https://picsum.photos/seed/ll-0905/960/540,
0906,image,手绘投稿 0906,这是一张粉丝投稿图片示例。,https://picsum.photos/seed/ll-0906/960/540,
0907,image,手绘投稿 0907,这是一张粉丝投稿图片示例。,https://picsum.photos/seed/ll-0907/960/540,
0908,audio,语音祝福 0908,这里是粉丝语音祝福示例。,https://interactive-examples.mdn.mozilla.net/media/cc0-audio/t-rex-roar.mp3,
0909,video,视频祝福 0909,这里是粉丝视频祝福示例。,https://interactive-examples.mdn.mozilla.net/media/cc0-videos/flower.mp4,
0910,text,生日祝福 0910,Hi 恋恋宝贝，愿你每天都被爱与好运围绕。第 0910 号粉丝祝福送达！,,
0911,text,生日祝福 0911,Hi 恋恋宝贝，愿你每天都被爱与好运围绕。第 0911 号粉丝祝福送达！,,
0912,text,生日祝福 0912,Hi 恋恋宝贝，愿你每天都被爱与好运围绕。第 0912 号粉丝祝福送达！,,
0913,text,生日祝福 0913,Hi 恋恋宝贝，愿你每天都被爱与好运围绕。第 0913 号粉丝祝福送达！,,
0914,text,生日祝福 0914,Hi 恋恋宝贝，愿你每天都被爱与好运围绕。第 0914 号粉丝祝福送达！,,
0915,image,手绘投稿 0915,这是一张粉丝投稿图片示例。,https://picsum.photos/seed/ll-0915/960/540,
0916,image,手绘投稿 0916,这是一张粉丝投稿图片示例。,https://picsum.photos/seed/ll-0916/960/540,
0917,image,手绘投稿 0917,这是一张粉丝投稿图片示例。,https://picsum.photos/seed/ll-0917/960/540,
0918,audio,语音祝福 0918,这里是粉丝语音祝福示例。,https://interactive-examples.mdn.mozilla.net/media/cc0-audio/t-rex-roar.mp3,
0919,video,视频祝福 0919,这里是粉丝视频祝福示例。,https://interactive-examples.mdn.mozilla.net/media/cc0-videos/flower.mp4,
0920,text,生日祝福 0920,Hi 恋恋宝贝，愿你每天都被爱与好运围绕。第 0920 号粉丝祝福送达！,,
0921,text,生日祝福 0921,Hi 恋恋宝贝，愿你每天都被爱与好运围绕。第 0921 号粉丝祝福送达！,,
0922,text,生日祝福 0922,Hi 恋恋宝贝，愿你每天都被爱与好运围绕。第 0922 号粉丝祝福送达！,,
0923,text,生日祝福 0923,Hi 恋恋宝贝，愿你每天都被爱与好运围绕。第 0923 号粉丝祝福送达！,,
0924,text,生日祝福 0924,Hi 恋恋宝贝，愿你每天都被爱与好运围绕。第 0924 号粉丝祝福送达！,,
0925,image,手绘投稿 0925,这是一张粉丝投稿图片示例。,https://picsum.photos/seed/ll-0925/960/540,
0926,image,手绘投稿 0926,这是一张粉丝投稿图片示例。,https://picsum.photos/seed/ll-0926/960/540,
0927,image,手绘投稿 0927,这是一张粉丝投稿图片示例。,https://picsum.photos/seed/ll-0927/960/540,
0928,audio,语音祝福 0928,这里是粉丝语音祝福示例。,https://interactive-examples.mdn.mozilla.net/media/cc0-audio/t-rex-roar.mp3,
0929,video,视频祝福 0929,这里是粉丝视频祝福示例。,https://interactive-examples.mdn.mozilla.net/media/cc0-videos/flower.mp4,
0930,text,生日祝福 0930,Hi 恋恋宝贝，愿你每天都被爱与好运围绕。第 0930 号粉丝祝福送达！,,
0931,text,生日祝福 0931,Hi 恋恋宝贝，愿你每天都被爱与好运围绕。第 0931 号粉丝祝福送达！,,
0932,text,生日祝福 0932,Hi 恋恋宝贝，愿你每天都被爱与好运围绕。第 0932 号粉丝祝福送达！,,
0933,text,生日祝福 0933,Hi 恋恋宝贝，愿你每天都被爱与好运围绕。第 0933 号粉丝祝福送达！,,
0934,text,生日祝福 0934,Hi 恋恋宝贝，愿你每天都被爱与好运围绕。第 0934 号粉丝祝福送达！,,
0935,image,手绘投稿 0935,这是一张粉丝投稿图片示例。,https://picsum.photos/seed/ll-0935/960/540,
0936,image,手绘投稿 0936,这是一张粉丝投稿图片示例。,https://picsum.photos/seed/ll-0936/960/540,
0937,image,手绘投稿 0937,这是一张粉丝投稿图片示例。,https://picsum.photos/seed/ll-0937/960/540,
0938,audio,语音祝福 0938,这里是粉丝语音祝福示例。,https://interactive-examples.mdn.mozilla.net/media/cc0-audio/t-rex-roar.mp3,
0939,video,视频祝福 0939,这里是粉丝视频祝福示例。,https://interactive-examples.mdn.mozilla.net/media/cc0-videos/flower.mp4,
0940,text,生日祝福 0940,Hi 恋恋宝贝，愿你每天都被爱与好运围绕。第 0940 号粉丝祝福送达！,,
0941,text,生日祝福 0941,Hi 恋恋宝贝，愿你每天都被爱与好运围绕。第 0941 号粉丝祝福送达！,,
0942,text,生日祝福 0942,Hi 恋恋宝贝，愿你每天都被爱与好运围绕。第 0942 号粉丝祝福送达！,,
0943,text,生日祝福 0943,Hi 恋恋宝贝，愿你每天都被爱与好运围绕。第 0943 号粉丝祝福送达！,,
0944,text,生日祝福 0944,Hi 恋恋宝贝，愿你每天都被爱与好运围绕。第 0944 号粉丝祝福送达！,,
0945,image,手绘投稿 0945,这是一张粉丝投稿图片示例。,https://picsum.photos/seed/ll-0945/960/540,
0946,image,手绘投稿 0946,这是一张粉丝投稿图片示例。,https://picsum.photos/seed/ll-0946/960/540,
0947,image,手绘投稿 0947,这是一张粉丝投稿图片示例。,https://picsum.photos/seed/ll-0947/960/540,
0948,audio,语音祝福 0948,这里是粉丝语音祝福示例。,https://interactive-examples.mdn.mozilla.net/media/cc0-audio/t-rex-roar.mp3,
0949,video,视频祝福 0949,这里是粉丝视频祝福示例。,https://interactive-examples.mdn.mozilla.net/media/cc0-videos/flower.mp4,
0950,text,生日祝福 0950,Hi 恋恋宝贝，愿你每天都被爱与好运围绕。第 0950 号粉丝祝福送达！,,
0951,text,生日祝福 0951,Hi 恋恋宝贝，愿你每天都被爱与好运围绕。第 0951 号粉丝祝福送达！,,
0952,text,生日祝福 0952,Hi 恋恋宝贝，愿你每天都被爱与好运围绕。第 0952 号粉丝祝福送达！,,
0953,text,生日祝福 0953,Hi 恋恋宝贝，愿你每天都被爱与好运围绕。第 0953 号粉丝祝福送达！,,
0954,text,生日祝福 0954,Hi 恋恋宝贝，愿你每天都被爱与好运围绕。第 0954 号粉丝祝福送达！,,
0955,image,手绘投稿 0955,这是一张粉丝投稿图片示例。,https://picsum.photos/seed/ll-0955/960/540,
0956,image,手绘投稿 0956,这是一张粉丝投稿图片示例。,https://picsum.photos/seed/ll-0956/960/540,
0957,image,手绘投稿 0957,这是一张粉丝投稿图片示例。,https://picsum.photos/seed/ll-0957/960/540,
0958,audio,语音祝福 0958,这里是粉丝语音祝福示例。,https://interactive-examples.mdn.mozilla.net/media/cc0-audio/t-rex-roar.mp3,
0959,video,视频祝福 0959,这里是粉丝视频祝福示例。,https://interactive-examples.mdn.mozilla.net/media/cc0-videos/flower.mp4,
0960,text,生日祝福 0960,Hi 恋恋宝贝，愿你每天都被爱与好运围绕。第 0960 号粉丝祝福送达！,,
0961,text,生日祝福 0961,Hi 恋恋宝贝，愿你每天都被爱与好运围绕。第 0961 号粉丝祝福送达！,,
0962,text,生日祝福 0962,Hi 恋恋宝贝，愿你每天都被爱与好运围绕。第 0962 号粉丝祝福送达！,,
0963,text,生日祝福 0963,Hi 恋恋宝贝，愿你每天都被爱与好运围绕。第 0963 号粉丝祝福送达！,,
0964,text,生日祝福 0964,Hi 恋恋宝贝，愿你每天都被爱与好运围绕。第 0964 号粉丝祝福送达！,,
0965,image,手绘投稿 0965,这是一张粉丝投稿图片示例。,https://picsum.photos/seed/ll-0965/960/540,
0966,image,手绘投稿 0966,这是一张粉丝投稿图片示例。,https://picsum.photos/seed/ll-0966/960/540,
0967,image,手绘投稿 0967,这是一张粉丝投稿图片示例。,https://picsum.photos/seed/ll-0967/960/540,
0968,audio,语音祝福 0968,这里是粉丝语音祝福示例。,https://interactive-examples.mdn.mozilla.net/media/cc0-audio/t-rex-roar.mp3,
0969,video,视频祝福 0969,这里是粉丝视频祝福示例。,https://interactive-examples.mdn.mozilla.net/media/cc0-videos/flower.mp4,
0970,text,生日祝福 0970,Hi 恋恋宝贝，愿你每天都被爱与好运围绕。第 0970 号粉丝祝福送达！,,
0971,text,生日祝福 0971,Hi 恋恋宝贝，愿你每天都被爱与好运围绕。第 0971 号粉丝祝福送达！,,
0972,text,生日祝福 0972,Hi 恋恋宝贝，愿你每天都被爱与好运围绕。第 0972 号粉丝祝福送达！,,
0973,text,生日祝福 0973,Hi 恋恋宝贝，愿你每天都被爱与好运围绕。第 0973 号粉丝祝福送达！,,
0974,text,生日祝福 0974,Hi 恋恋宝贝，愿你每天都被爱与好运围绕。第 0974 号粉丝祝福送达！,,
0975,image,手绘投稿 0975,这是一张粉丝投稿图片示例。,https://picsum.photos/seed/ll-0975/960/540,
0976,image,手绘投稿 0976,这是一张粉丝投稿图片示例。,https://picsum.photos/seed/ll-0976/960/540,
0977,image,手绘投稿 0977,这是一张粉丝投稿图片示例。,https://picsum.photos/seed/ll-0977/960/540,
0978,audio,语音祝福 0978,这里是粉丝语音祝福示例。,https://interactive-examples.mdn.mozilla.net/media/cc0-audio/t-rex-roar.mp3,
0979,video,视频祝福 0979,这里是粉丝视频祝福示例。,https://interactive-examples.mdn.mozilla.net/media/cc0-videos/flower.mp4,
0980,text,生日祝福 0980,Hi 恋恋宝贝，愿你每天都被爱与好运围绕。第 0980 号粉丝祝福送达！,,
0981,text,生日祝福 0981,Hi 恋恋宝贝，愿你每天都被爱与好运围绕。第 0981 号粉丝祝福送达！,,
0982,text,生日祝福 0982,Hi 恋恋宝贝，愿你每天都被爱与好运围绕。第 0982 号粉丝祝福送达！,,
0983,text,生日祝福 0983,Hi 恋恋宝贝，愿你每天都被爱与好运围绕。第 0983 号粉丝祝福送达！,,
0984,text,生日祝福 0984,Hi 恋恋宝贝，愿你每天都被爱与好运围绕。第 0984 号粉丝祝福送达！,,
0985,image,手绘投稿 0985,这是一张粉丝投稿图片示例。,https://picsum.photos/seed/ll-0985/960/540,
0986,image,手绘投稿 0986,这是一张粉丝投稿图片示例。,https://picsum.photos/seed/ll-0986/960/540,
0987,image,手绘投稿 0987,这是一张粉丝投稿图片示例。,https://picsum.photos/seed/ll-0987/960/540,
0988,audio,语音祝福 0988,这里是粉丝语音祝福示例。,https://interactive-examples.mdn.mozilla.net/media/cc0-audio/t-rex-roar.mp3,
0989,video,视频祝福 0989,这里是粉丝视频祝福示例。,https://interactive-examples.mdn.mozilla.net/media/cc0-videos/flower.mp4,
0990,text,生日祝福 0990,Hi 恋恋宝贝，愿你每天都被爱与好运围绕。第 0990 号粉丝祝福送达！,,
0991,text,生日祝福 0991,Hi 恋恋宝贝，愿你每天都被爱与好运围绕。第 0991 号粉丝祝福送达！,,
0992,text,生日祝福 0992,Hi 恋恋宝贝，愿你每天都被爱与好运围绕。第 0992 号粉丝祝福送达！,,
0993,text,生日祝福 0993,Hi 恋恋宝贝，愿你每天都被爱与好运围绕。第 0993 号粉丝祝福送达！,,
0994,text,生日祝福 0994,Hi 恋恋宝贝，愿你每天都被爱与好运围绕。第 0994 号粉丝祝福送达！,,
0995,image,手绘投稿 0995,这是一张粉丝投稿图片示例。,https://picsum.photos/seed/ll-0995/960/540,
0996,image,手绘投稿 0996,这是一张粉丝投稿图片示例。,https://picsum.photos/seed/ll-0996/960/540,
0997,image,手绘投稿 0997,这是一张粉丝投稿图片示例。,https://picsum.photos/seed/ll-0997/960/540,
0998,audio,语音祝福 0998,这里是粉丝语音祝福示例。,https://interactive-examples.mdn.mozilla.net/media/cc0-audio/t-rex-roar.mp3,
0999,video,视频祝福 0999,这里是粉丝视频祝福示例。,https://interactive-examples.mdn.mozilla.net/media/cc0-videos/flower.mp4,
1000,text,生日祝福 1000,Hi 恋恋宝贝，愿你每天都被爱与好运围绕。第 1000 号粉丝祝福送达！,,
